CODE,Context for translation,EN,FR,PT,JP,ES,GE,IT,TH
LANG,Name of language,English,Français,Português,日本語,Español,Deutsch,Italiano,ภาษาไทย
back,Return to previous thing,Back,Retour,Voltar,戻る,Volver,Zurück,Indietro,กลับ
difficulty,,Difficulty,Difficulté,Dificuldade,難易度,Dificultad,Schwierigkeit,Difficoltà,ระดับความยาก
easy,,Easy,Facile,Fácil,EASY,Fácil,Leicht,Facile,ง่าย
hard,,Hard,Difficile,Difícil,HARD,Difícil,Schwer,Difficile,ยาก
input,as in “type of input method” ie “touch” or “controller”,Input,Méthode d'entrée,Entrada,入力,Entrada,Eingabe,Ingresso,Input
level,,Level,Niveau,Nível,LV,Nivel,Level,Livello,ระดับ
randomColors,Option to randomize panel colors,Random Colors,Couleurs aléatoires,Cores aleatórias,ランダムな色,Colores al azar,Zufällige Farben,Colori casuali,สุ่มสี
randomHorizontalFlipped,Option to randomly flip the puzzle horizontally,Randomly Flip,Inversion aléatoire,Vire aleatoriamente,ランダムにフリップ,Voltear al azar,Zufällig flip,Capovolgere casualmente,สุุ่มสลับซ้าย - ขวา
normal,,Normal,Normal,Normal,NORMAL,Normal,Normal,Normale,ปานกลาง
speed,,Speed,Vitesse,Velocidade,スピード,Velocidad,Geschwindigkeit,Velocità,ความเร็ว
factory,Training mode that drops multiple tiers of chain garbage,Factory,Usine,Fábrica,工場,Fábrica,Fabrik,Fabbrica,Factory
combo_storm,Training mode that drops lots of small combo blocks in a row,Combo Storm,Tempête combo,Tempestade de combinação,コンボ嵐,Tormenta de combos,Combo Storm,Combo Storm.,Combo Storm
large_garbage,Training mode that drops huge chain blocks,Large Garbage,Gros déchets,Grande lixo,大規模なごみ,Escombros grandes,Großer Müll,Grande spazzatura,ขยะก้อนใหญ่
width,width of garbage blocks in training mode,Width,Largeur,Largura,幅,Ancho,Breite,Larghezza,ความกว้างก้อนขยะ
height,height of garbage blocks in training mode,Height,Hauteur,Altura,高さ,Altura,Höhe,Altezza,ความสูงก้อนขยะ
vs,,vs,vs,vs,対,vs,vs,vs,vs
up,,Up,Haut,Cima,上,Arriba,Hoch,Su,ขึ้น
down,,Down,Bas,Baixo,下,Abajo,Runter,Giù,ลง
left,,Left,Gauche,Esquerda,左,Izquierda,Links,Sinistra,ซ้าย
right,,Right,Droite,Direita,右,Derecha,Rechts,Destra,ขวา
start,,Start,Start,Começar,START,Comenzar,Start,Avvio,เริ่ม
raise,button used to raise the stack with touch inputs,Raise,Monter,Levantar,高める,Elevar,Anheben,Aumentare,เลื่อน board ขึ้น
player,,Player,Joueur,Jogador,プレイヤー,Jugador,Spieler,Giocatore,ผู้เล่น
player_n,,Player %1,Joueur %1,Jogador %1,プレイヤー%1,Jugador %1,Spieler %1,Giocatore %1,ผูู้เล่น %1
page,,Page,Page,Página,ページ,Página,Seite,Pagina,หน้า
panels,,Panels,Blocs,Painéis,パネル,Paneles,Panels,Tessere,Panels
character,,Character,Personnage,Personagem,??????,Personaje,Charakter,Carattere,ตัวละคร
stage,,Stage,Terrain,Cenário,ステージ,Escenario,Arena,Scenario,ด่าน
mode,,Mode,Mode,Modo,モード,Modo,Modus,Modalità,โหมด
ready,,Ready,Prêt,Pronto,READY,Listo,Bereit,Pronto,พร้อม
random,,Random,Aléatoire,Aleatório,ランダム,Aleatorio,Zufall,Casuale,สุ่ม
leave,,Leave,Quitter,Sair,終わる,Salir,Verlassen,Esci,ออก
pause,,Pause,Pause,Pausa,ポーズ,Pausa,Pause,Pausa,หยุด
go_,,Go!,Commencer,Vai!,GO!,¡Adelante!,Los!,Via!,ไป !
endless_type,Name of the menu in endless / time attack that lets you pick between the old difficulty style and the new one,Type,Type,Tipo,タイプ,Tipo,Typ,Tipo,ประเภท
endless_classic,old difficulty style in endless / time attack,Classic,Classique,Clássico,クラシック,Clásico,Klassisch,Classico,คลาสสิค
endless_modern,new difficulty style in endless / time attack,Modern,Moderne,Moderno,モダン,Moderno,Modern,Moderno,ทันสมัย
anonymous,,Anonymous,Anonyme,Anônimo,匿名,Anónimo,Anonym,Anonimo,ไม่ระบุตัวตน
stages,,stages,terrains,Cenários,ステージ,Escenarios,Arenen,Scenario,ด่าน
characters,,characters,personnages,Personagens,キャラクター,Personajes,Charaktere,Personaggi,ตัวละคร
join_community,,Join the community at %1,Rejoignez la communauté sur %1,Participe da comunidade em %1,コミュニティに参加しよう %1,Únete a nuestra comunidad en %1,Tritt unserer Community bei unter %1,Unisciti alla community su %1,เข้าร่วมกลุ่มได้ที่ %1
warning_msg,,You've had a bug. Please report this on Discord with file:,"Vous venez de rencontrer un problème.
S'il vous plaît, signalez-le sur Discord avec le fichier :","Você encontrou um problema. Por favor, reporte no Discord o arquivo em anexo:",不具合が発生しました。以下のファイルでディスコードに報告して下さい：,"Ha habido un problema. Por favor, informa sobre esto en Discord con el siguiente archivo:",Ein Bug ist aufgetreten. Bitte melde diesen in unserem Discord mit der Datei:,"Hai riscontrato un bug. Per favore, segnalalo su Discord con il file:",คุณเจอ bug กรุณารายงานปัญหาใน Discord ด้วยไฟล์นี้:
lb_alone,,You are all alone in the lobby :(,Vous êtes seul dans le salon :(,Você está sozinho(a) no lobby :(,ぼっち　(´・ω・`),No hay nadie en la sala :(,Du bist ganz alleine in der Lobby :<,Sei tutto solo nella lobby :(,ในล็อบบี้ตอนนี้มีคุณคนเดียว :(
lb_back,,Back to main menu,Revenir au menu principal,Voltar ao menu principal,メインメニューに戻る,Volver al menú principal,Zurück zum Hauptmenü,Torna al menù principale,กลับสู่เมนูหลัก
lb_connecting,,Connecting...,Connexion en cours...,Conectando...,接続中...,Conectando,Verbinde...,Connessione...,กำลังเชื่อมต่อ
lb_error_msg,,Error message received from the server:,Message d'erreur du serveur :,Mensagem de erro recebida do servidor:,サーバーから受信したエラーメッセージ：,Mensaje de error recibido del servidor:,Fehlernachricht vom Server erhalten.,Messaggio d'errore ricevuto dal server:,ข้อความ error ที่ได้รับจาก server :
lb_header_board,,"Leaderboard
  Rank  Rating   Player","Classement
  Rang  Score   Joueur","Placar de Classificação
  Rank  Classificação  Jogador","ランキング
 順位 レート プレイヤー","Clasificación
Posición Puntos Jugador","Rangliste
 Rang  Punkte  Spieler","Classifica
  Posizione  Punteggio   Giocatore","ตารางคะแนน
แรงค์ เรทติ้ง ผู้เล่น"
lb_show_board,,Show Leaderboard,Afficher le classement,Mostrar Placar de Classificação,ランキングを表示,Mostrar clasificación,Rangliste anzeigen,Mostra la classifica,แสดงตารางคะแนน
lb_login,,Logging in...,Connexion en cours...,Iniciando sessão ...,ログインしています...,Iniciando Sesión,Anmeldung...,Accesso in corso...,กำลังเข้าสู่ระบบ
lb_login_timeout,,"Login for ranked matches timed out.
This server probably doesn't support ranking.


You may continue unranked.","Délai de connexion à la partie classée dépassé.
Ce serveur ne gère peut-être pas les parties classées.


Vous pouvez continuer en non classé.","O tempo de acesso à partidas ranqueadas expirou.
Este servidor provavelmente não suporta partidas ranqueadas.


Você pode continuar em partidas não ranqueadas.","レートマッチのログインがタイムアウトしました。
このサーバーはおそらくレートランキングに対応していません。

ランクなしで続行できます。","Se ha agotado el tiempo de espera para iniciar sesión
Es posible que el servidor no soporte partidas clasificatorias.


Solamente puedes jugar partidas normales (unranked).","Die Anmeldung für das bewertete Spiel hat zu lange gedauert.
Der Server unterstützt vermutlich keine Rangliste.

Du kannst ohne Wertung weiterspielen.","L'accesso alle partite classificate è scaduto.
Questo server probabilmente non supporta le partite classificate. 


Puoi continuare a giocare in modalità non clasificata.","การ Login เข้า ranked matches ใช้เวลานานผิดปกติ server อาจจะไม่รองรับระบบ ranking

แต่คุณสามารถเล่นต่อแบบไม่ใช่ระบบ ranked ได้"
lb_new_id,,need a new user id,besoin d'un nouvel identifiant utilisateur,necessário novo ID de usuário,新しいユーザーIDが必要です,Se necesita un nuevo ID de usuario,Du benötigst eine neue Spieler-ID.,Necessario nuovo ID utente.,ต้องการ user id ใหม่
lb_received,,(wants to play with you :o),(vous invite à jouer :o),(quer jogar com você :o),（対戦を申し込まれました！（・o・））,(quiere jugar contigo :o),(möchte mit dir spielen),(vuole giocare con te :o),(อยากเล่นกับคุณ :o)
lb_request,,(request sent),(demande envoyée),(solicitação enviada),（対戦申請中）,(solicitud enviada),(Anfrage gesendet),(richiesta inviata),คำร้องถูกส่งแล้ว
lb_select_player,,Select a player name to ask for a match.,Selectionnez un joueur avec qui jouer.,Selecione um nome de jogador para solicitar uma partida.,プレイヤー名を選択して対戦を申し込んで下さい。,Selecciona un jugador para enviarle solicitud de partida.,"Wähle einen Spieler aus, um ihn herauszufordern.",Seleziona il nome di un giocatore con cui giocare.,กดที่ชื่อผู้เล่น เพื่อขอเล่นด้วย
lb_set_connect,,Setting up connection...,Préparation de la connexion...,Estabelecendo conexão...,接続しています…,Estableciendo conexión...,Verbindungsaufbau...,Stabilendo la connessione...,กำลังเชื่ื่อมต่อ
lb_hide_board,,Hide Leaderboard,Cacher le classement,Ocultar Placar de Classificação,ランキングを非表示,Ocultar clasificación,Rangliste verbergen,Nascondi la classifica,ซ่อนตารางคะแนน
lb_spectate,,spectate,regarder,assistir,観戦する,mirar a,zuschauen,Assisti,ดูคนอื่นเล่น
lb_used_name,,"Error: name is taken :<


If you had just left the server, it may not have realized it yet, try joining again.

This can also happen if you have two instances of Panel Attack open.
Press Swap or Back to continue.","Erreur : ce pseudo est déjà pris :<

Si vous venez de quitter le serveur, il n'est peut-être pas encore à jour, réessayez.

Cela peut aussi arriver si vous avez lancé deux instances du jeu.

Appuyez sur Valider ou Retour pour continuer.","Erro: Apelido já utilizado :<

Se você acabou de sair do servidor, talvez não tenha reparado, tente entrar novamente.

Isso também pode acontecer se você tiver duas instâncias do Panel Attack abertas.
Pressione Trocar ou Voltar para continuar.","エラー：ユーザー名が使用中です ・へ・


ログアウトしたばかりの場合、
サーバーはまだ追いついていない可能性があります。
もう一度ログインしてみて下さい。


これは、
Panel Attackが同時に2回起動されている場合発生する可能性もあります。


入れ替えボタン、またはもどるボタンを押して下さい。","Error：El nombre ya está en uso :<


Si justo has salido del servidor
puede que este no se haya dado cuenta, intenta unirte de nuevo.


Esto también puede ocurrir si tienes dos
instancias abiertas de Panel Attack.
Pulsa ""Cambiar"" o ""Volver"" para continuar.","Fehler: Dieser Name wird bereits verwendet :<

Wenn du die Lobby gerade erst verlassen hast, könnte es sein, dass der Server dich noch nicht abgemeldet hat. Versuche es bitte erneut.

Das kann ebenfalls passieren, wenn du Panel Attack mehrfach geöffnet hast.

Drücke die Tausch-Taste (A/B) oder die Esc-Taste, um fortzufahren.","Errore: nome già in uso :<

Se hai appena lasciato il server, questo potrebbe non averlo ancora realizzato, prova ad accedere di nuovo.


Questo può anche succedere se hai due istanze di Panel Attack aperte.
Premi ""Swap"" o Indietro per continuare.","Error: ชื่อนี้มีคนใช้แล้ว

ถ้าคุณเพิ่งออกจาก server ไป บางที server อาจยังจำค่าเก่าอยู่ กรุณาลองเข้าสู่ server อีกครั้ง

หรืออาจเกิดจากการเปิด Panel Attack สอง instance พร้อมกัน

กดปุ่ม Swap หรือ Back เพื่อดำเนินการต่อ"
lb_user_new,,"Welcome, new user: %1","Bienvenue, nouvel utilisateur : %1","Bem-vindo(a), novo usuário(a): %1",ようこそ、新しいユーザー：%1,Bienvenido: nuevo usuario: %1,"Willkommen, neuer Spieler %1","Benvenuto, nuovo utente: %1","ยินดีต้อนรับ, new user: %1"
lb_user_update,,"Welcome, your username has been updated. 

Old name:  ""%1""
New name:  ""%2""","Bienvenue, votre pseudo a été mis à jour.

Ancien:  ""%1""
Nouveau:  ""%2""","Bem-vindo(a), seu apelido foi atualizado.

Nome antigo: ""%1""
Novo nome: ""%2""","ようこそ、ユーザー名が更新されました。

以前のユーザー名： ""%1""
新しいユーザー名： ""%2""","Bienvenido, tu nombre de usuario ha cambiado.


Nombre antiguo: ""%1""


Nombre nuevo: ""%2""","Willkommen, dein Anzeigename wurde aktualisiert.

Alter Name: ""%1""
Neuer Name: ""%2""","Benvenuto, il tuo nome utente è stato aggiornato.

Vecchio nome: ""%1""
Nuovo nome: ""%2""","ยินดีต้อนรับ, username ของคุณได้ถูกอัพเดทแล้ว

ชื่อเก่า: ""%1""

ชื่อใหม่: ""%2"""
lb_welcome_back,,"Welcome back, %1","Vous êtes de retour, %1","Bem-vindo(a) de volta, %1",おかえりなさい、%1,"Bienvenido de nuevo, %1","Willkommen zurück, %1","Bentornato, %1","ยินดีต้อนรับ, %1"
lb_you,,You,Vous,Você,あなた,Tú,Du,Tu,คุณ
ld_puzzles,,Copying puzzles readme...,Copie du fichier readme des puzzles...,Copiando leia-me de quebra-cabeças...,パズルのREADMEをコピーしています...,"Copiando el archivo ""readme"" de puzzles",Kopiere README für Puzzles...,Copia dell'archivio readme dei puzzle...,กำลังคัดลอก puzzles readme...
ld_replay,,Loading replays...,Chargement des replays...,Carregando replays...,リプレイを読み込みしています…,Cargando repeticiones...,Lade Replays...,Caricamento dei replay...,กำลังโหลดรีเพลย์
ld_theme,,Loading theme...,Chargement du thème...,Carregando temas...,テーマを読み込みしています…,Cargando tema...,Lade Themes...,Caricamento dei temi...,กำลังโหลดธีม
ld_characters,,Preloading characters...,Préchargement des personnages...,Pré-carregando personagens...,キャラクターを読み込みしています…,Pre-cargando personajes...,Lade Charaktere...,Pre-caricamento dei personaggi...,กำลังโหลดตัวละคร
ld_stages,,Preloading stages...,Préchargement des terrains...,Pré-carregando cenários...,ステージを読み込みしています…,Pre-cargando escenarios...,Lade Arenen...,Pre-caricamento degli scenari...,กำลังโหลดด่าน
ld_panels,,Loading panels...,Chargement des blocs...,Carregando painéis...,パネルを読み込みしています…,Cargando paneles...,Lade Panels...,Caricamento delle tessere...,กำลังโหลดพาเนล
ld_analytics,,Loading analytics...,Chargement des statistiques...,Carregando estatísticas...,解析を読み込みしています…,Cargando estadísticas....,Lade Statistikmodul...,Caricamento delle statistiche...,กำลังโหลด analytics
mm_1_endless,,1P endless,1J infini,1J infinito,1P エンドレス,1J infinito,1P Endlos,1P infinito,1P แบบไม่มีจบ
mm_1_puzzle,,1P puzzle,1J puzzle,1J quebra-cabeça,1P パズル,1J puzle,1P Puzzle,1P puzzle,1P puzzle
mm_1_time,,1P time attack,1J contre la montre,1J contra o tempo,1P スコアアタック,1J contrarreloj,1P Time Attack,1P a tempo,1P time attack
mm_1_training,Vs training mode,1P training,Entraînement 1J,treinamento 1P,1P トレーニング,1J entrenamiento,1P Training,Allenamento 1P,1P ฝึกซ้อม
mm_1_challenge_mode,Challenge Mode,Challenge Mode,Mode défi,Modo desafio,チャレンジモード,Modo Desafío,Herausforderungsmodus,Modalità sfida,โหมดท้าทาย
mm_1_vs,,1P vs yourself,1J contre soi-même,1J vs você mesmo,1P じぶんとのたたかい,1J vs ti mismo,1P gegen dich selbst,1P vs te stesso,1P สู้กับตัวเอง
mm_2_vs_local,,2P vs local game,2J en local,2J vs jogo local,2P ローカルVS,2J local,2P lokal,2P vs in locale,2P แข่งกันสองคน บนคอมเครื่องเดียวกัน
mm_2_vs_online,,2P vs online %1,2J en ligne %1,2J vs online %1,2P オンラインVS %1,2J en línea %1,2P online %1,2P vs online %1,2P แข่งกับคนอื่นออนไลน์ %1
mm_2_vs,,2P vs,2J VS,2J vs,2P VS,2J vs,2SP vs,2P vs,2P แข่งกับคนอื่น
mm_configure,,Configure input,Configurer les touches,Configurar teclas,入力コンフィグ,Configurar entrada,Tastenkonfiguration,Configura i tasti,ตั้งค่าปุ่ม
mm_fullscreen,,Fullscreen %1,Plein écran %1,Tela cheia %1,フルスクリーン %1,Pantalla completa %1,Vollbild %1,Schermo inteto 1%,เต็มจอ %1
mm_music_test,,Music test,Test des musiques,Teste de música,サウンドテスト,Prueba de música,Musik-Test,Testa la musica,ทดสอบเพลง
mm_no_support_fullscreen,,Your graphics card doesn't support canvases for fullscreen,Votre carte graphique ne supporte pas le plein écran,Sua placa de vídeo não suporta tela cheia,お使いのグラフィックカードはフルスクリーンのキャンバスに対応していません,Tu tarjeta gráfica no soporta bordes en pantalla completa.,Deine Grafikkarte unterstützt keine Vollbildauflösungen.,La tua scheda grafica non supporta la modalità schermo intero.,กราฟฟิคการ์ดของคุณไม่รองรับ canvas สำหรับเล่นเต็มจอ
mm_options,,Options,Options,Opções,オプション,Opciones,Optionen,Opzioni,Options
mm_quit,,Quit,Quitter,Sair,終わる,Salir,Verlassen,Esci,ออก
mm_replay_of,,Replay of %1,Replay de %1,Replay de %1,%1のリプレイ,Ver repetición de %1,Replay von %1,Replay di 1%,รีเพลย์ของ %1
mm_set_name,,Set name,Changer de pseudo,Trocar apelido,ユーザー名設定,Cambiar nombre,Name festlegen,Imposta il nome,ตั้งชื่อ
nt_ver_err,Shown when connecting to server with wrong version,"Your game version is out of date, DOWNLOAD the latest version of the game from https://panelattack.com","Votre version de jeu est obsolète, téléchargez la dernière version du jeu à partir de https://panelattack.com","Sua versão do jogo está desatualizada, faça o download da versão mais recente do jogo em https://panelattack.com",ゲームバージョンは古くなっています。http://panelatcack.comからゲームの最新バージョンをダウンロードしてください,"Tu versión de juego está desactualizada, descarga la última versión desde https://panelattack.com",Ihre Spielversion ist veraltet und laden Sie die neueste Version des Spiels von https://panelattack.com herunter,"La versione del gioco è obsoleta, scarica l'ultima versione del gioco da https://panelattack.com",เวอร์ชันเกมของคุณล้าสมัยดาวน์โหลดเกมล่าสุดจาก https://panelattack.com
nt_conn_timeout,,Failed to connect to the server.,Impossible de se connecter au serveur.,Falha ao conectar o servidor.,サーバーに接続が失敗しました。,Error al conectarse al servidor.,Es konnte keine Verbindung zum Server hergestellt werden.,Errore di connessione al server.,การเชื่อมต่อกับ server ล้มเหลว
nt_msg_err,,"Network error, message could not be decoded: ""%1""","Erreur réseau, le message ne peut pas être décodé: ""%1""","Erro de conexão, a mensagem não pôde ser codificada: ""%1""","ネットワークエラー、メッセージのデコード失敗: ""%1""","Error de red, el mensaje no pudo ser decodificado: ""%1""",Netzwerkfehler: Die folgende Nachricht konnte nicht entschlüsselt werden: %1,"Errore di network, il messaggio non può essere decodificato: ""%1""","การเชื่อมต่อล้มเหลว ข้อความไม่สามารถถอดรหัสได้: ""%1"""
nt_player_err,,Server did not send number of players.,Le serveur n'a pas envoyé le nombre de joueurs.,O servidor não emitiu nº de jogadores.,サーバーからプレイヤー人数を受信しませんでした。,El servidor no envió la cantidad de jugadores.,Server schickte die Anzahl der Spieler nicht.,Il server non ha inviato il numero di giocatori.,server ไม่ได้แจ้งจำนวนผู้เล่น
op_general,Options: General,General,Général,Em geral,全般的,General,Allgemein,Generale,ทั่วไป
op_graphics,Options: Graphics,Graphics,Graphismes,Gráficos,グラフィック,Gráficos,Grafik,Grafica,กราฟฟิค
op_audio,Options: Audio,Audio,Audio,Áudio.,オーディオ,Audio,Audio,Audio,เสียง
op_debug,Options: Debug,Debug,Déboguer,Depurar,デバッグ,Depuración,Debuggen,Debug.,Debug
op_about,Options: About,About,À propos,Sobre,だいたい,Acerca de,Über,Di,เกี่ยวกับ
op_none,,none,rien,Nenhum,無し,Nada,keiner,Niente,ไม่มี
op_on,,On,On,Ativ.,ON,On,An,On,เปิด
op_off,,Off,Off,Desat.,OFF,Off,Aus,Off,ปิด
op_all_keys,,Set all keys,Définir toutes les touches,Definir todas as teclas,すべてのキーを設定する,Definir todas las teclas,Alle Tasten festlegen,Imposta tutti i tasti,ตั้งค่าปุ่มทั้งหมด
op_about_characters,,About custom characters,À propos des personnages personnalisés,Sobre personagens personalizados,カスタムキャラクターについて,Acerca de los personajes personalizados,How to: Eigene Charaktere hinzufügen,A propostio dei personaggi personalizzabili,เกี่ยวกับตัวละคร custom
op_about_themes,,About custom themes,À propos des thèmes personnalisés,Sobre temas personalizados,カスタムテーマについて,Acerca de los temas personalizados,How to: Eigene Themes entwickeln,A proposito dei temi personalizzabili,เกี่ยวกับ custom themes
op_about_stages,,About custom stages,À propos des terrains personnalisés,Sobre cenários personalizados,カスタムステージについて,Acerca de los escenarios personalizados,How to: Eigene Arenen erstellen,A proposito degli scenari personalizzabili,เกี่ยวกับด่าน custom
op_about_panels,,About custom panels,À propos des blocs personnalisés,Sobre painéis personalizados,カスタムパネルについて,Acerca de los paneles personalizados,How to: Eigene Panels kreieren,A propostio delle tessere personalizzabili,เกี่ยวกับ custom panels
op_analytics,,Enable analytics,Activer les statistiques,Ativar estatísticas,解析を有効にする,Activar estadísticas,Statistiken aktivieren,Attiva statistiche,เปิด analytics
op_copy_files,,"Hold on.  Copying an example folder to make this easier...


This may take a few seconds or maybe even a minute or two.


Don't worry if the window goes inactive or ""not responding""","Veuillez patientez, nous copions les fichiers d'exemples.


Cette opération peut prendre de quelques secondes à deux minutes.


La fenêtre peut devenir inactive et ne plus répondre.","Um momento. Criando uma pasta modelo para facilitar isso...


Isto pode levar alguns segundos ou talvez até um minuto ou dois.


Não se preocupe se a janela ficar inativa ou ""não está respondendo""","しばらくお待ち下さい。
分かりやすくするためにサンプルフォルダをコピーしています...


これには数秒、場合によっては1〜2分かかる可能性があります。


ウィンドウが非アクティブになったり、反応しなくなっても気にしないで下さい。","Un momento. Copiando la carpeta de ejemplo para hacerlo más facil...


Esto tardará algunos segundos o quizás un minuto o dos.


No te preocupes si la ventana se pone inactiva, se bloquea o ""No responde""","Warte einen Moment. Ein Beispielordner wird angelegt, um die Sache einfacher zu machen.

Dies könnte einige Sekunden dauern, möglicherweise aber auch eine bis zwei Minuten.

Wenn das Fenster inaktiv zu sein scheint oder als ""reagiert nicht"" angezeigt wird, ist dies bei dem Prozess völlig normal.","Un momento. Copia di una cartella d'esempio per rendere il tutto più facile...


Ci potrebbe volere qualche secondo, o forse anche un minuto o due.


Non preoccuparti se la finestra diventa inattiva o ""non risponde"".","กรุณารอสักครู่ กำลังคัดลอก example folder เพื่อให้เรื่องง่ายขึ้น

อาจใช้เวลาไม่กี่วินาที หรืออาจจะนานถึง 1-2 นาที

ไม่ต้องตกใจหากหน้าต่างเกิดอาการ ""not responding"""
op_countdown,,Ready countdown,Compte à rebours de début de partie,Contagem regressiva,READYカウントダウン,Cuenta regresiva lista,Ready Countdown,Pronto per il conto alla rovescia,เตรียมพร้อมนับถอยหลัง
op_debug_mode,Debug Mode button in options menu,Debug Mode,Mode debug,Modo de Depuração,デバッグモード,Modo Depuración,Debug Modus,Modalità Debug,โหมด debug
op_default_char,,Use default characters,Utiliser les personnages par défaut,Usar personagens padrão,デフォルトのキャラクターを使用,Usar personajes por defecto.,Standardcharaktere verwenden,Usa i personaggi di base,ใช้ตัวละครค่าเริ่มต้น
op_enter_name,,Enter your name:,Entrez votre pseudo :,Digite seu apelido:,ユーザー名を入力して下さい：,Introduce tu nombre:,Gib deinen Benutzernamen ein:,Inserisci il tuo nome:,กรอกชื่อของคุณ:
op_fps,,Show FPS,Afficher les IPS,Mostrar FPS,FPS表示,Mostrar FPS (fotogramas por segundo),FPS anzeigen,Mostra FPS (frame al secondo),แสดง FPS
op_language,,Language,Langue,Idioma,言語,Idioma,Sprache,Lingua,ภาษา
op_theme,,Theme,Thème,Tema,テーマ,Tema,Theme,Tema,ธีม
op_scale,Setting that controls how much the game is scaled (resolution),Game Scale,Mise à l'échelle du jeu,Escala de jogo,ゲームスケール,Escala del juego,Spielskala,Scala del gioco,เสกลหน้าจอเกม
op_scale_auto,The scale type that snaps to the best scale for the current window size,Automatic,Automatique,Automático,自動,Automático,Automatisch,Automatico,อัตโนมัติ
op_scale_fit,The scale type that fits the graphics as big as they can be to the window,Fit to Window,Ajuster à la fenêtre,Adequado à janela,ウィンドウにフィットします,Ajustar a la ventana,An Fenster anpassen,Adatta alla finestra,พอดีขนาด Window
op_scale_fixed,The scale type that uses a fixed scale value no matter what,Fixed Scale,Échelle fixe,Escala fixa,固定スケール,Escala fija,Feste Skala,Scala fissa,เสกลคงที่
op_scale_fixed_value,The setting for the picked scale value in fixed mode,Fixed Scale,Échelle fixe,Escala fixa,固定スケール,Escala fija,Feste Skala,Scala fissa,เสกลคงที่
op_ingame_infos,,Show informations during gameplay,Afficher les données pendant la partie,Mostrar informações durante partida,プレイ中情報表示,Mostrar información durante la partida,Informationen während des Spiels anzeigen,Mostra informazioni nel corso della partita,แสดงข้อมูลระหว่างเล่น
op_use_music_from,,Use music from,Utiliser la musique du,Usar música de,使用BGM,Usar música del,Musikauswahl,Usa musica da,ใช้เพลงจาก
op_only_stage,,Stage 100% | Character 0%,Terrain 100% | Personnage 0%,Cenário 100% | Personagens 0%,ステージ 100% | キャラクター  0%,Escenario 100% | Personaje 0%,Arena 100% | Charakter 0%,Scenario 100% | Personaggio 0%,Stage 100% | Character 0%
op_often_stage,,Stage 75% | Character 25%,Terrain 75% | Personnage 25%,Cenário 75% | Personagens 25%,ステージ 75% | キャラクター  25%,Escenario 75% | Personaje 25%,Arena 75% | Charakter 25%,Scenario 75% | Personaggio 25%,Stage 75% | Character 25%
op_stage_characters,,Stage 50% | Character 50%,Terrain 50% | Personnage 50%,Cenário 50% | Personagens 50%,ステージ 50% | キャラクター  50%,Escenario 50% | Personaje 50%,Arena 50% | Charakter 50%,Scenario 50% | Personaggio 50%,Stage 50% | Character 50%
op_often_characters,,Stage 25% | Character 75%,Terrain 25% | Personnage 75%,Cenário 25% | Personagens 75%,ステージ 25% | キャラクター  75%,Escenario 25% | Personaje 75%,Arena 25% | Charakter 75%,Scenario 25% | Personaggio 75%,Stage 25% | Character 75%
op_only_characters,,Stage 0% | Character 100%,Terrain 0% | Personnage 100%,Cenário 0% | Personagens 100%,ステージ 0% | キャラクター  100%,Escenario 0% | Personaje 100%,Arena 0% | Charakter 100%,Scenario 0% | Personaggio 100%,Stage 0% | Character 100%
op_music_current,,Currently playing:,Musique en cours :,Reproduzindo agora:,現在再生中：,Música actual:,Aktuelle Musik:,Musica in riproduzone:,กำลังเล่น:
op_music_delay,,Danger music change-back delay,Délai du changement de la musique en mode danger,Atraso na mudança de música de perigo,ピンチBGM切り替えディレイ,Retrasar cambio de melodía de peligro,Verzögerung für die Rückkehr aus der Gefahrenmusik,Ritardo del cambiamento della musica di pericolo,ดีเลย์ระหว่างเปลี่ยนเพลง (จากเพลงอันตราย เป็นเพลงปกติ)
op_music_intro,,Playing the intro,Joue l'intro,Reproduzindo introdução,イントロ表示,Reproduciendo la intro,Intro wird abgespielt,Riproduci la intro,กำลังเล่น intro
op_music_load,,Loading required sounds... (this may take a while),Chargement des sons nécessaires... (cela peut prendre un certain temps),Carregando sons necessários ... (isso pode demorar um pouco),必要なサウンドを読み込みしています...（多少時間がかかるかも）,Cargando los sonidos requeridos...(esto puede tardar un momento),Benötigte Sounds werden geladen... (das könnte einige Zeit dauern),Caricamento dei suoni necessari (ci potrebbe volere un po'...),กำลังโหลดไฟล์เสียงที่จำเป็น (ต้องใช้เวลาสักพัก)
op_music_loop,,Playing main loop,Joue la boucle,Reproduzindo loop principal,メインループを再生しています,Reproduciendo bucle principal,Hauptthema wird abgespielt,Riproduzione del loop principale,กำลังเล่น main loop
op_music_nav,,"%1 and %2 to navigate songs
%3 to leave","%1 et %2 pour naviguer entre les musiques
%3 pour quitter","%1 e %2 para navegar pelas músicas
%3 para sair","%1と%2で曲を選択
%3で戻る","%1 y %2 para navegar entre melodías
%3 para salir","Nutze %1 und %2 um zwischen Liedern zu navigieren und %3, um das Menü zu verlassen","%1 e %2 per navigare tra le canzoni
%3 per uscire","%1 และ %2 เพื่อกรอเพลง
%3 เพื่อออก"
op_music_play,Play music button in Sound Test,Play,Jouer,Play,Play,Reproducir,Play,Play,เล่น
op_music_stop,Stop music button in Sound Test,Stop,Arrêter,Pare,やめる,Detener,Stoppen,Fermare,หยุด
op_music_type,Select music type in Sound Test,Music type,Type de musique,Música,音楽,Música,Musik,Musica,ประเภทเพลง
op_music_sfx,Sound Effect in Sound Test,SFX,Effet sonore,Som,?,Efectos de sonido,Klang,Suono,เสียงประกอบ
op_panels,,Panels set,Choisir les blocs,Definir painéis,パネルセット,Set de paneles,Panelset,Scelta delle tessere,ชุด Panels
op_reload_analytics,,reloading analytics...,rechargement des statistiques...,recarregando estatísticas...,解析を再読み込みしています...,Recargando estadísticas...,Statistiken werden neugeladen...,Ricaricamento delle statistiche...,กำลังโหลด analytics อีกครั้ง
op_reload_characters,,reloading characters...,rechargement des personnages...,recarregando personagens...,キャラクターを再読み込みしています...,Recargando personajes...,Charaktere werden neugeladen...,Ricaricamento dei personaggi...,กำลังโหลดตัวละครอีกครั้ง
op_reload_stages,,reloading stages...,rechargement des terrains...,recarregando cenários...,ステージを再読み込みしています…,Recargando escenarios...,Arenen werden neugeladen...,Ricarimento degli scenari...,กำลังโหลดด่านอีกครั้ง
op_reload_theme,,reloading theme...,rechargement du thème...,recarregando tema...,テーマを再読み込みしています…,Recargando temas...,Themen werden neugeladen...,Ricaricamento dei temi...,กำลังโหลดธีมอีกครั้ง
op_replay_public,,Save replays publicly,Sauvegarder les replays publiquement,Salvar replays publicamente,リプレイを,Guardar repeticiones públicamente,Replays öffentlich abspeichern,Salva i replay pubblicamente,เซฟรีเพลย์แบบเปิดให้สาธารณะดูได้
op_replay_public_no,,No,Non,Não,公開しない,No,Nein,No,ไม่
op_replay_public_anonymously,,Anonymously,Anonymement,Anônimo,匿名で公開する,Anónimamente,Anonym,Anonimamente,ไม่ระบุตัวตน
op_replay_public_with_name,,With my name,Avec mon pseudo,Com meu apelido,ユーザー名付きで公開する,Con mi nombre,Mit meinem Benutzernamen,Con il mio nome,ด้วยชื่อของฉัน
op_rating_details,"Whether to show rating points, win rates etc",Show Rating Details,Afficher les détails de la notation,Mostrar detalhes de classificação,評価の詳細を表示します,Mostrar detalles de clasificación,Bewertungsdetails anzeigen,Mostra i dettagli di valutazione,แสดงรายละเอียด Rating
op_save,,writing config to file...,sauvegarde de la configuration...,salvando configuração no arquivo...,ファイルに設定を書き込んでいます...,Guardando configuración al archivo...,Speichere Konfiguration in Datei...,Salvataggio delle configurazioni su file...,กำลังเขียน config ไปยัง file
op_vol,,Master Volume,Volume global,Vol. principal,マスターボリューム,Volumen principal,Lautstärke,Volume principale,ระดับความดังเสียงโดยรวม
op_vol_music,,Music Volume,Volume des musiques,Vol. da música,BGMボリューム,Volumen de música,Lautstärke der Musik,Volume della musica,ระดับความดังเสียงเพลง
op_vol_sfx,,SFX Volume,Volume des effets sonores,Vol. Efeitos Esp.,SFXボリューム,Volumen de efectos de sonido,Lautstärke der Soundeffekte,Volume SFX,ระดับความดังเสียงประกอบ
op_input_delay,,Key repeat delay (offline only),Délai de répétition des touches (hors-ligne uniquement),Atraso na repetição das teclas (apenas offline),DAS 設定（オフラインのみ）,Retraso de repetición de las teclas (Solo fuera de línea),Verzögerung für die Tastenwiederholung bei gedrückt halten (nur offline),Ritardo della ripetizione dell'input (solo offline),ดีเลย์การกดปุ่มซ้ำๆ
op_portrait_darkness,Options: darkness of the portraits in game,Portrait Darkness,Luminosité des portraits,Claridade de Retratos,背景の暗さ,Oscuridad del retrato,Helligkeit des Charakterporträts während des Spiels,Oscurità del ritratto,ความมืดของรูปภาพ
op_popfx,Options: Whether pop effects should show,Pop Effects,Effets pop,Efeitos de Explosão,パネル消しエフェクト,Efectos de explosión,Popeffekte,Effetti pop,เอฟเฟคต์เวลาพาเนลถูกทำลาย
op_renderTelegraph,Options: Whether the telegraph above the stack should show,Show Telegraph,Montrer le télégraphe,Mostrar telégrafo,テレグラフを表示,Mostrar telégrafo,Telegraph zeigen,Mostra telegrafo,แสดง Telegraph
op_renderAttacks,Options: Whether the telegraph attack animations should show,Show Attacks,Montrer les attaques,Mostrar ataques,攻撃を示す,Mostrar ataques,Angriffe anzeigen,Mostra attacchi,แสดง attack animation ของ telegraph
op_cardTransparency,Options: Whether the combo / chain cards should become transparent,Card Transparency,Transparence des cartes,Transparência do cartão,カードの透明性,Transparencia de tarjetas,Kartentransparenz,Trasparenza della carta,แสดงการ์ดใส
op_cardfx_scale,Options: how far away the popfx particles converge onto your combo/chain before it pops,Attack Particle Distance,Distance des particules d'attaque,Alcance de Partículas de Ataque,攻撃パーティクル発生距離,Distancia de partículas de ataque,Skalierung der Popeffekte bei Kombos und Ketten,Distanza delle particelle di attacco,ระยะ attack particle
opponent_level,,Opponent's level,Niveau de l'adversaire,Nível do oponente,相手のレベル,Nivel del oponente,Level des Gegners,Livello dell'avversario,ระดับของคู่ต่อสู้
pl_pause_help,,Press Start again to resume,Appuyez sur Start pour continuer,Pressione Começar novamente para continuar,STARTで再開,Pulsa Start para reanudar,Drücke Start um fortzufahren,"Premi ""Start"" di nuovo per riprendere",กด start อีกครั้งเพื่อเล่นต่อ
pl_1_win,,P1 wins ^^,Victoire de J1 ^^,J1 vence ^^,1Pの勝ち！ ＾＾,J1 gana ^^,Spieler 1 gewinnt,P1 vince ^^,ผู้เล่น 1 ชนะ ^^
pl_2_win,,P2 wins ^^,Victoire de J2 ^^,J2 vence ^^,2Pの勝ち！ ＾＾,J2 gana ^^,Spieler 2 gewinnt,P2 vince ^^,ผู้เล่น 2 ชนะ ^^
pl_cleared,,cleared: %1,détruit : %1,destruido: %1,消したパネル：%1個,Despejado: %1,Cleared: %1,Completato: %1,เคลียร์แล้ว: %1
pl_frame,,Frame: %1,Frame : %1,Frame: %1,フレーム：%1,Cuadro: %1,Frame: %1,Frame: %1,เฟรม: %1
pl_game_start,,Game is starting!,La partie va commencer !,A partida está começando!,ゲームが始まります！,¡La partida va a comenzar!,Das Spiel beginnt!,Il gioco sta per inziare!,เกมกำลังเริ่ม !
pl_gameover,,Game Over,Terminé,Fim de jogo,ゲームオーバー,Fin de la partida,Game Over,Gioco finito,เกมจบแล้ว
pl_health,,Health: %1,Vie : %1,Vida: %1,猶予：%1,Salud: %1,Leben: %1,Vita: %1,พลังชีวิต: %1
pl_level,,Level: %1,Niveau : %1,Nível %1,レベル：%1,Nivel: %1,Level: %1,Livello: %1,ระดับ: %1
pl_metal,Debug: indicates the number of shock blocks allowed to be generated,metal q: %1,blocs métal : %1,blocos de metal q: %1,びっくりパネル：%1,bloques de metal: %1,Schockpanels: %1,Blocchi di metallo: %1,จำนวน shock panels: %1
pl_moves,,Moves: %1,Déplacements : %1,Movimentos: %1,手数：%1,Movimientos: %1,Eingaben: %1,Movimenti: %1,การเคลื่อนไหว: %1
pl_panel_info,,"Panel info:
row: %1
col: %2","Info grille :
ligne: %1
colonne: %2","Info do painel:
linha: %1
coluna: %2","パネル情報：
段：%1
列：%2","Info. panel:
fila: %1
columna: %2","Panel Info:
Reihe: %1
Spalte: %2","Informazioni sulle tessere
riga: %1
colonna: %2","ข้อมูลพาเนล:
แถว: %1
คอลัมน์: %2"
pl_pre_stop,,Pre stop: %1,Délai pré stop : %1,Atraso ante-parada: %1,ストップ前：%1,Pre-pausa :%1,Pre-Stop: %1,Pre stop: %1,ก่อน stop: %1
pl_score,,Score: %1,Score : %1,Pontuação: %1,スコア：%1,Puntuación: %1,Score: %1,Punteggio: %1,คะแนน: %1
pl_shake,,Shake: %1,Délai secousse : %1,Tremor: %1,床揺れ：%1,Sacudida: %1,Shake: %1,Scossa: %1,สั่น: %1
pl_spectate_join,,"Joined a match in progress.
Catching up...","Chargement du match en cours.
Synchronisation...","Entrou em partida em andamento.
Sincronizando...","進行中の対戦に入りました。
同期中…","Te has unido a una partida en progreso.
Sincronizando...","Du bist einem laufenden Spiel beigetreten.
Hole zum aktuellen Stand auf...","Caricamento di una partita in corso.
Sincronizzazione...","เข้าร่วมเกมที่กำลังแข่งอยู่สำเร็จ
กำลังอัพเดทข้อมูลล่าสุด"
pl_spectators,,Spectator(s):,Spectateurs(s) :,Espectador(es):,観客：,Espectador(es):,Zuschauer:,Spettatori:,คนดู:
pl_speed,,Speed: %1,Vitesse : %1,Velocidade: %1,SPEED LV：%1,Velocidad: %1,Geschwindigkeit: %1,Velocità: %1,ความเร็ว: %1
pl_stop,,Stop: %1,Délai stop : %1,Parada: %1,ストップ：%1,Pausa: %1,Stop: %1,Stop: %1,หยุด: %1
pl_time,,Time: %1,Temps : %1,Tempo: %1,時間：%1,Tiempo: %1,Zeit: %1,Tempo: %1,เวลา: %1
pl_time_out,,"game start timed out.
This is a known bug, but you may post it in #panel-attack-bugs-features
if you'd like.","Le chargement de la partie a pris trop de temps.
Ceci est un bug connu, mais vous pouvez le signaler sur notre Discord sur :
#panel-attack-bugs-features","Tempo esgotado para partida começar.
Este é um bug conhecido, mas você pode postar em #panel-attack-bugs-features
se quiser.","ゲームの開始がタイムアウトしました。
これは既知のバグですが、＃panel-attack-bugs-featuresに報告してもいいですよ。","Se ha agotado el tiempo para empezar la partida.
Este es un error conocido, pero si quieres puedes enseñarlo en #panel-attack-bugs-features","Die verfügbare Zeit für den Spielstart wurde überschritten.
Das ist ein bekanntes Problem, aber du kannst es trotzdem in #panel-attack-bugs melden, wenn du möchtest.","Il caricamento della partita ha richiesto troppo tempo.
Questo è un bug gà noto, ma puoi postarlo su #panel-attack-bugs-features
se ti va.","ช่วงเริ่มเกมใช้เวลามากเกินปกติ

Bug นี้ทางทีมงานรับทราบแล้ว แต่คุณจะโพสต์แจ้งใน #panel-attack-bugs-features ก็ได้"
pl_you_lose,,You lose :(,Vous avez perdu :(,Você perdeu :(,あなたの負け・・・。 -_-,Has perdido :(,Du hast verloren :-(,Hai perso :(,คุณแพ้ :(
pl_you_win,,You win!,Vous avez gagné !,Você venceu!,あなたの勝ち！！＾＾,¡Has ganado!,Du hast gewonnen!,Hai vinto!,คุณชนะ!
pz_info,,"Note: you may place new custom puzzles in


%appdata%\Panel Attack\puzzles


See the README and example puzzle set there
for instructions","Note : vous pouvez placer des puzzles personnalisés dans :


%appdata%\Panel Attack\puzzles


Référez-vous au fichier README et aux exemples pour les instructions.","Nota: você pode alocar novos quebra-cabeças personalizados em


%appdata%\Panel Attack\puzzles


Leia o README e o exemplo de quebra-cabeça definido lá
para instruções","注：新しいカスタムパズルを


%appdata%\Panel Attack\puzzles において下さい


使い方についてはそちらのREADMEとサンプルパズルをご覧下さい","Nota: Puedes añadir puzles personalizados en


%appdata%\Panel Attack\puzzles


Revisa el archivo README y el set de puzles de ejemplo en su correspondiente carpeta
para más infomación.","Anmerkung: Du kannst unter Windows neue, selbstgemachte Puzzles an folgendem Pfad ablegen:

%appdata%\Panel Attack\puzzles
(Kopiere das in die Navigationsleiste des Explorers und drücke danach Enter, sieh für andere Betriebssysteme unter https://panelattack.com/faq.html nach)

Schau dir für weitere Informationen die README und das Beispielpuzzleset an.","Nota: puoi inserire nuovi puzzle in:


%appdata%\Panel Attack\puzzles


Leggi il README e guarda i puzzle d'esempio che si trovano lì per avere istruzioni.","Note: คุณสามารถวาง custom puzzles ใน

%appdata%\Panel Attack\puzzles

สามารถดูวิธีใช้ใน README และตัวอย่าง puzzle ที่อยู่ในนั้นได้"
pz_puzzles,,Puzzles,Puzzles,Quebra-cabeças,パズル,Puzles,Puzzles,Puzzles,Puzzles
rp_endless,,endless,infini,Infinito,エンドレス,Infinito,Endlos,infinito,ไม่รู้จบ
rp_no_endless,,I don't have an endless replay :(,Je n'ai pas de replay infini :(,Não possuo replay sem fim :(,エンドレスのリプレイはありません -_-,No encuentro ninguna repetición del modo Infinito :(,Ich habe kein Replay für Endless :-(,Non ho un replay della modalità infinito :(,ฉันไม่มี replay โหมดไม่รู้จบ :(
rp_no_puzzle,,I don't have a puzzle replay :(,Je n'ai pas de replay puzzle :(,Não possuo replay de quebra-cabeça :(,パズルのリプレイはありません -_-,No encuentro ninguna repetición del modo Puzle :(,Ich habe kein Puzzle Replay :-(,Non ho un replay della modalità puzzle :(,ฉันไม่มี replay โหมด puzzle :(
rp_no_replay,,I don't have a vs replay :(,Je n'ai pas de replay :(,Não possuo replay vs :(,VSリプレイはありません -_-,No encuentro ninguna repetición del modo VS :(,Keine Replays vorhanden. :-(,Non ho un replay della modalità vs :(,ฉันไม่มี replay โหมด vs :(
rp_score,,"You scored %1
in %2","Vous avez fait %1
en %2","Você pontuou %1
em %2","スコア %1
プレイ時間 %2","Obtuviste %1 puntos
en %2",Du hast in %2 %1 Punkte erzielt,"Il tuo punteggio è %1
in 2%","คุณได้คะแนน %1
ใน %2"
ss_casual,,Casual,Normal,Casual,カジュアル,Casual,Normal,Normale,แคชชวล
ss_controller,Type of input method – controller,Controller,Manette,Controlador,コントローラ,Mando,Regler,Controller,จอย
ss_current_rating,,current:,actuel :,atual:,現在：,actual:,derzeitig:,corrente:,ปัจจุบัน:
ss_disconnect,,Disconnected from server.,Vous êtes deconnecté du serveur.,Desconectado do servidor.,サーバーから切断されました。,Desconectado del servidor.,Verbindung zum Server verloren.,Disconnesso dal server.,ถูกตัดขาดจาก server
ss_could_not_connect,Shown when the server could not be reached,Could not connect to the server.,Impossible de se connecter au serveur.,Não pôde conectar-se ao servidor.,サーバーに接続できませんでした。,No se puede conectar con el servidor.,Konnte keine Verbindung zum Server herstellen.,Impossibile connettersi al server.,ไม่สามารถเชื่อมต่อกับ server ได้
ss_room_closed_in_game,Message shown when room closes mid game,"The connection to the match was lost.
Usually this happens due to an unstable network connection from one of the players, but this could also be a bug or crash.","La connexion au match a été perdue.
Cela est généralement dû à une connexion réseau instable de l'un des joueurs, mais cela pourrait également venir d'un bug ou d'un crash.","A conexão com a partida foi perdida.
Usoramente isso acontece devido a uma conexão de rede instável de um dos jogadores, mas isso também pode ser um bug ou acidente.",試合への接続が失われました。USLAVEこれは、プレーヤーの1つからの不安定なネットワーク接続が原因で起こりますが、これもバグやクラッシュになる可能性があります。,"La conexión con la partida se ha perdido.
Normalmente esto sucede debido a una conexión de red inestable de uno de los jugadores, pero esto también podría ser un error o un choque.","Die Verbindung zum Spiel wurde unterbrochen.
Normalerweise passiert dies aufgrund einer instabilen Netzwerkverbindung von einem der Spieler, allerdings kann der Verbindungsabbruch auch durch einen Programmabsturz beim Gegner hervorgerufen worden sein.","La connessione alla partita è stata persa.
Usualmente ciò accade a causa di una connessione di rete instabile da uno dei giocatori, ma questo potrebbe anche essere un bug o un incidente.","การเชื่อมต่อล้มเหลว
ปกติจะเกิดจากการเชื่อมต่อของผู้เล่นคนใดคนหนึ่งไม่เสถียร
หรืออาจเกิดจาก bug หรือ crash"
ss_latency_error,Message shown when the connection is too unstable,The network connection is too unstable to continue the game. It could be your connection or the opponent's.,La connexion réseau est trop instable pour continuer la partie. Cela pourrait venir de votre connexion ou de celle de votre adversaire.,A conexão de rede é muito instável para continuar o jogo. Pode ser sua conexão ou os adversários.,ネットワーク接続は、ゲームを続行するには不安定すぎます。それはあなたの接続または対戦相手かもしれません。,La conexión de red es demasiado inestable para continuar la partida. Podría ser tu conexión o la del oponente.,"Die Netzwerkverbindung ist zu instabil, um das Spiel fortzusetzen. Es könnte deine Verbindung oder die des Gegners sein.",La connessione di rete è troppo instabile per continuare il gioco. Potrebbe essere la tua connessione o gli avversari.,การเชื่อมต่อไม่เสถียรพอที่จะเล่นต่อไปได้ อาจเกิดจาก internet ของคุณ หรือไม่ก็คู่แข่ง
ss_average_frames_behind,Prints the average number of frames behind,Average frames behind: %1,Moyenne de frames en retard : %1,Quadros médios por trás: %1,後ろの平均フレーム：％1,Fotogramas promedio de retraso: %1,Durchschnittliche Frames Verzögerung: %1,Cornici medi dietro: %1,เฟรมที่ตามหลังอยู่โดยเฉลี่ย: %1
ss_average_frames_behind_player,Prints the average number of frames behind a player was.,Average frames behind for %1 was %2,La moyenne de frames en retard pour %1 était de %2,Quadros médios por %1 foi %2,％1の平均フレームは％2でした。,Los fotogramas promedio de retraso de %1 fue %2.,Durchschnittliche Frames hinter %1 waren %2.,I telai medi dietro per %1 era %2.,เฟรมที่ตามหลังอยู่โดยเฉลี่ยของ %1 คือ %2
ss_draw,,Draw,Egalité,Empate,引き分け,Empate,Unentschieden,Pareggio,เสมอ
ss_err_no_reason,,Reason unknown,Erreur inconnue,Motivo desconhecido,理由不明,Razón desconocida,Grund unbekannt,Ragione sconosciuta,สาเหตุไม่แน่ชัด
ss_error_leave,,Error when leaving online,Erreur en quittant le serveur,Erro ao sair do servidor,オンラインを離れる際のエラー,Error al salir del servidor,Fehler beim Verlassen des Servers,Errore nell'uscita dal server,Error ขณะออกจากโหมดออนไลน์
ss_expected_rating,,expected:,attendu :,expectativa:,予想：,Esperado:,erwartet:,atteso:,ที่คาดไว้คือ :
ss_init,,Waiting for room initialization...,En attente de la création de la salle...,Aguardando inicialização da sala...,ルームの初期化を待っています…,Esperando la inicialización de la sala.,Warte auf Initialisierung des Raumes...,Attesa per l'inizializzazione della stanza...,กำลังสร้างห้อง...
ss_init_fail,,Room initialization failed.,La création de la salle a échoué.,Falha ao iniciar sala.,ルームの初期化に失敗しました。,Falló la inicialización de la sala.,Initialisierung des Raumes fehlgeschlagen.,Inizializzazione della stanza fallita.,การสร้างห้องไม่สำเร็จ
ss_not_ranked,Message indicating not ranked right before the reason why,Not ranked.,Non classé.,Casual,レート変動なし。,No clasificatoria.,Nicht bewertet.,Non classificato.,ไม่ได้เล่นแบบ ranked
ss_p_wins,,%1 wins,Victoire de %1,%1 vence,%1の勝ち,%1 gana,%1 gewinnt,%1 vince,%1 ชนะ
ss_ranked,Message to indicated ranked play,Ranked,Classé,Ranqueada,レート戦,Clasificatoria,Ranked,Classificato,เล่นแบบ ranked
ss_rating,,Rating:,Classement :,Classificação:,レート：,Clasificación:,Rang:,Classificazione:,เรทติ้ง:
ss_return,,Returning to main menu...,Retour au menu principal...,Voltar ao menu principal...,メインメニューに戻ります...,Regresando al menú principal...,Kehre zum Hauptmenü zurück...,Ritorno al menù principale...,กำลังกลับสู่เมนูหลัก
ss_touch,"Type of input method – touch, as in “touch screen”",Touch,Tactile,Toque,接する,Táctil,Berühren,Tocco,สัมผัส
ss_winrate,,Winrate:,Taux de victoire :,Taxa de vitórias:,勝率：,Tasa de victorias:,Gewinnrate:,Rateo delle vittorie:,อัตราการชนะ:
ss_wins,,Wins:,Victoires :,Vitórias:,勝ち：,Victorias:,Siege:,Vittorie:,จำนวนเกมที่ชนะ:
ss_ex_mode,,EX Mode,Mode EX,Modo EX,EXモード,Modo EX,EX,Modalità EX,โหมด EX 
rp_browser_header,,~ Replay Browser ~,~ Bibliothèque des replays ~,~ Navegador de Replays ~,～リプレイブラウザ～,~ Navegador de repeticiones ~,~ Replay Browser ~,~ Navigatore Replay ~,- คลัง replay -
rp_browser_info_header,,~ Replay Information ~,~ Informations du replay ~,~ Informações de Replays ~,～リプレイ情報～,~ Información de la repetición ~,~ Replay Informationen ~,~ Informazioni Replay ~,- ข้อมูล replay -
rp_browser_current_dir,,Current directory: %1,Dossier actuel : %1,Pasta atual: %1,現在のディレクトリ：%1,Directorio actual: %1,Aktuelles Verzeichnis: %1,Elenco corrente: %1,ไดเรคทอรี่ปัจจุบัน: %1
rp_browser_up,,up,monter,acima,戻る,volver,zurück ins übergeordnete Verzeichnis,su,ขึ้น
rp_browser_root,,root,racine,raiz,ルート,raíz,Wurzel,sorgente,root
rp_browser_more,,more,plus,mais,次,más,mehr,altro,more
rp_browser_info_2p_vs,,2P VS,2J VS,2J VS,2P VS,2J VS,2P VS,2P VS,2P VS
rp_browser_info_1p_vs,,VS Yourself,Contre soi-même,VS Você mesmo,じぶんとのたたかい,VS ti mismo,1P gegen dich selbst,VS Te stesso,แข่งกับตัวเอง
rp_browser_info_1p,,1P,1J,1J,1P,1J,1P,1P,1P
rp_browser_info_2p,,2P,2J,2J,2P,2J,2P,2P,2P
rp_browser_info_name,,Name: %1,Nom : %1,Apelido %1,名前：%1,Nombre: %1,Name: %1,Nome: 1%,ชื่อ: %1
rp_browser_info_level,,Level: %1,Niveau : %1,Nível: %1,LV：%1,Nivel: %1,Level: %1,Livello: 1%,ระดับ: %1
rp_browser_info_character,,Character: %1,Personnage : %1,Personagem: 1%,キャラクター：%1,Personaje: %1,Charakter: %1,Personaggio: 1%,ตัวละคร: %1
rp_browser_info_casual,,Casual Match,Match normal,Partida Casual,カジュアル対戦,Partida Casual,Normale Partie,Partita Normale,แข่งแบบ Casual
rp_browser_info_ranked,,Ranked Match,Match classé,Partida Ranqueada,レート対戦,Partida Clasificatoria,Bewertete Partie,Partita Classificata,แข่งแบบ Ranked
rp_browser_info_endless,,Endless,Infini,Infinito,エンドレス,Infinito,Endlos,Infinito,ไม่รู้จบ
rp_browser_info_time_trial,,Time Trial,Contre la montre,Contra o Tempo,スコアアタック,Contrarreloj,Time Attack,A Tempo,Time Trial
rp_browser_info_speed,,Speed: %1,Vitesse : %1,Velocidade: %1,SPEED LV：%1,Velocidad: %1,Geschwindigkeit: %1,Velocità: 1%,ความเร็ว: %1
rp_browser_info_difficulty,,Difficulty: %1,Difficulté : %1,Dificuldade: %1,難易度：%1,Dificultad: %1,Schwierigkeit: %1,Difficoltà: 1%,ความยาก: %1
rp_browser_info_puzzle,,Puzzle,Puzzle,Quebra-Cabeça,パズル：%1,Puzle,Puzzle,Puzzle,Puzzle
rp_browser_watch,,"Press A/Confirm to view this replay, or B/Cancel to exit.","Appuyez sur A/Valider pour voir le replay, ou B/Annuler pour quitter.",Aperte A/Confirme para ver este replay ou B/Cancelar para sair,Aボタンでリプレイを再生、Bボタンで戻る,"Pulsa A/Confirmar para ver esta repetición, o B/Cancelar para salir.","Drücke A/Enter, um das Replay anzuschauen oder B/Escape, um zurückzukehren","Premi A/Conferma per vedere questo replay, o B/Annulla per uscire.",กด A/Confirm เพื่อดูรีเพลย์นี้ หรือ B/Cancel เพื่อออก
rp_browser_wrong_version,Error shown when trying to load a old version replay,This replay can not be viewed because it was played on a different version of the game.,Ce replay ne peut pas être vu car il a été joué sur une version différente du jeu.,Essa repetição não pode ser vista porque foi jogada em uma versão diferente do jogo.,このリプレイは、ゲームの別のバージョンで再生されたため表示できません。,Esta repetición no se puede ver porque se jugó en una versión diferente del juego.,"Diese Wiederholung kann nicht angesehen werden, da sie auf einer älteren Version des Spiels gespielt wurde. Du kannst auf dem Discord-Server nach einer geeigneten Version zum abspielen fragen.",Questo replay non può essere visto perché è stato giocato su una versione diversa del gioco.,รีเพลย์นี้ ดูไม่ได้ เพราะเป็นรีเพลย์ของเกมเวอร์ชันอื่น
mm_replay_browser,,Replay Browser,Parcourir les replays,Navegador de Replays,リプレイブラウザ,Navegador de reproducciones,Replay Browser,Navigatore Replay,ดูรีเพลย์
continue_button,Text shown to press any key to continue,Press Any Button,Appuyer sur une touche,Pressione qualquer botão,任意のボタンを押します,Pulsa cualquier botón,Bitte drücke eine beliebige Taste.,Premere qualsiasi pulsante,กดปุ่มใดก็ได้
player_press_key,,Player %1 press any key,"Joueur %1, appuyez sur une touche",O jogador %1 carregue em qualquer tecla,プレーヤー％1　PUSH ANY KEY,Jugador %1 pulsa cualquier tecla,Spieler %1: Drücke eine beliebige Taste,Il giocatore %1 preme un tasto qualsiasi,ผู้เล่น %1 กดปุ่มใดก็ได้
config_input_welcome,Shown on the configure input screen,Set a input configuration for each keyboard / controller you want to be able to use.,Définissez une configuration d'entrée pour chaque clavier ou manette que vous souhaitez pouvoir utiliser.,Defina uma configuração de entrada para cada teclado / controlador que deseja usar.,使用するキーボード/コントローラーごとにキーコンフィグを設定して下さい。,Establece una configuración de entrada para cada teclado / mando que desees poder utilizar.,Gib eine Eingabekonfiguration für deinen Kontroller oder deine Tastaturen an.,Imposta una configurazione di input per ogni tastiera/controller che desideri utilizzare.,ตั้งค่าปุ่ม สำหรับ keyboard / controller ที่ต้องการใช้
configuration,Configuration for controller / keyboard setup,Configuration,Configuration,Configuração,キーコンフィグ,Configuración,Konfiguration,Configurazione,ตั้งค่า
love_version_warning,Warning shown to users using love 11.3,"You are using an outdated version of Panel Attack which uses an old LOVE version, please download the latest version from the website / discord.","Vous utilisez une version obsolète de Panel Attack qui utilise une ancienne version de LOVE, veuillez télécharger la dernière version sur le site Web / Discord.","Você está usando uma versão desatualizada do painel de ataque que usa uma versão antiga do amor, faça o download da versão mais recente do site / discórdia.",古いLoveバージョンを使用する古いバージョンのパネル攻撃を使用しています。ウェブサイト / Discordから最新バージョンをダウンロードしてください。,"Estás jugando en una versión obsoleta de Panel Attack que utiliza una versión antigua de Love, descarga la última versión del sitio web / Discord.","Du verwendest eine Version von Panel Attack, die eine veraltete LÖVE-Version verwendet. Bitte lade die neueste Version von der Website oder dem Discord herunter.","Stai usando una versione obsoleta dell'attacco del pannello che utilizza una vecchia versione d'amore, scarica l'ultima versione dal sito Web / discordia.",คุณกำลังใช้ Panel Attack เวอร์ชั่นเก่า กรุณาดาวน์โหลดเวอร์ชั่นล่าสุดจาก website หรือ discord
challenge_difficulty_1,level 2 - very few attacks basically just surviving,Breezy (Easy),Brise (facile),Breezy (fácil),さわやかな（簡単）,Brisa (Fácil),Luftig (leicht),Breezy (facile),Breezy (ง่าย)
challenge_difficulty_2,level 4 - some attacks mostly just surviving,Windy (Normal),Venteux (normal),Vento (normal),風が強い（通常）,Viento (Normal),Windig (normal),Ventoso (normale),Windy (ปานกลาง)
challenge_difficulty_3,level 6 - attacking and surviving,Gusty (Hard),Rafales (difficile),Gusty (duro),gusty（ハード）,Ráfaga (Difícil),Böig (schwer),Gusty (duro),Gusty (ยาก)
challenge_difficulty_4,level 6 - learning to win while constantly under pressure,Stormy (Very Hard),Orageux (très difficile),Stormy (muito difícil),ストーミー（とても難しい）,Tormenta (Muy difícil),Stürmisch (sehr schwer),Stormy (molto duro),Stormy (ยากมาก)
challenge_difficulty_5,level 8 - an average level 8 challenge,Turbulent,Turbulences,Turbulento,乱流,Turbulencia,Turbulent,Turbolento,Turbulent
challenge_difficulty_6,level 10 - an average level 10 challenge,Whirlwind,Tourbillon,Turbilhão,旋風,Torbellino,Wirbelwind,Turbine,Whirlwind
challenge_difficulty_7,level 10 - a hard level 10 challenge,Tempest,Tempête,Tempestade,嵐,Tempestad,Sturm,Tempesta,Tempest
challenge_difficulty_8,level 10 - a really hard level 10 challenge,Hurricane,Ouragan,Furacão,ハリケーン,Huracán,Hurrikan,Uragano,Hurricane
challenge_difficulty_9,level 11? - unused right now,Tornado,Tornade,Tornado,竜巻,Tornado,Tornado,Tornado,Tornado
auto_updater_version_warning,Warning shown to users with an old autoupdater,"New updater available, please download from","Nouveau gestionnaire de mises à jour disponible, veuillez installer à partir de","Novo autoupdater disponível, instale de",新しいautoupdaterを利用できます。からインストールしてください,"Nuevo autoactualizador disponible, instálalo desde","Ein neuer Updater ist verfügbar, bitte lade ihn unter folgendem Link herunter:","Nuovo autoupdater disponibile, installa da",มีระบบอัพเดทอัตโนมัติเวอร์ชั่นใหม่ กรุณา Install โดยใช้ระบบนั้น
username_blank_warning,shown in user name input when nothing is entered,Username cannot be blank,Le nom d'utilisateur ne peut pas être vide,O nome de usuário não pode ficar em branco,ユーザー名を空白にすることはできません,El nombre de usuario no puede estar en blanco,Benutzername darf nicht leer sein,Il nome utente non può essere vuoto,Username ไม่สามารถเป็นค่าว่างได้
op_shakeIntensity,Option for the intensity of the shake animation,Shake Animation Intensity,Intensité de l'animation de secousse,Intensidade da animação de tremor,揺れアニメーション強度,Intensidad de la animación de sacudida,Stärke der Aufprallanimation,Intensità dell'animazione di scuotimento,ความเข้มของแอนิเมชันสั่น
pause_resume,Label for the resume button in the pause menu,Resume,Continuer,Retomar,再開,Continuar,Fortsetzen,Riprendi,ดำเนินต่อ
op_menu_music,Label for toggling menu music,Menu Music,Musique du menu,Música do menu,メニューミュージック,Música del menú,Menü Musik,Musica del menu,เพลงเมนู
rp_browser_info_challenge_stage,Label for displaying the stage of the challenge mode difficulty,Stage,Stage,Fase,ステージ,Fase,Stufe,Fase,ด่าน
op_openSaveDir,Button to open the save directory of Panel Attack,Open Save Directory,Ouvrir le dossier des sauvegardes,Abrir Diretório de Salvamento,セーブディレクトリを開く,Abrir directorio de archivos del juego,Speicherort öffnen,Apri cartella di salvataggio,เปิดไดเรกทอรีเซฟ
puzzle_set_name_classic,name of the classic puzzle set in puzzle mode,Classic,Classique,Clássico,クラシック,Clásico,Klassisch,Classico,คลาสสิก
puzzle_set_name_mission,name of the mission puzzle set in puzzle mode,Missions,Missions,Missões,ミッション,Misiones,Missionen,Missioni,ภารกิจ
puzzle_training,label for the training button in puzzle mode,Training,Entraînement,Treinamento,トレーニング,Entrenamiento,Training,Allenamento,ฝึกซ้อม
puzzle_set_description_classic,Description of the classic category in the puzzle mode,Figure out how to clear all panels in the given number of moves.,Trouvez comment supprimer tous les blocs en un nombre de coups limité.,Descubra como limpar todos os painéis no número de movimentos indicado.,指定された手数で全パネルを消す方法を考えよう。,Averigua cómo eliminar todos los paneles en el número de movimientos indicado.,"Finde heraus, wie du alle Panels in der vorgegebenen Anzahl Züge räumen kannst.",Scopri come eliminare tutti i pannelli nel numero di mosse indicato.,หาวิธีเคลียร์แผงทั้งหมดภายในจำนวนการเคลื่อนย้ายที่กำหนด
puzzle_set_description_mission,Description of the mission category in the puzzle mode,Learn the game and improve by solving missions with different challenges.,Apprenez le jeu et progressez en résolvant des missions aux défis variés.,Aprenda o jogo e melhore resolvendo missões com desafios variados.,さまざまな課題のミッションを解いてゲームの腕を磨こう。,Aprende el juego y mejora resolviendo misiones con distintos retos.,"Lerne das Spiel und verbessere dich, indem du Missionen mit unterschiedlichen Herausforderungen meisterst.",Impara il gioco e migliora risolvendo missioni con sfide diverse.,เรียนรู้เกมและพัฒนาฝีมือด้วยการแก้ภารกิจที่มีความท้าทายหลากหลาย
puzzle_set_name_classic_set_1,Classic Set 1,Classic Set 1,Set Classique 1,Conjunto Clássico 1,クラシックセット1,Conjunto Clásico 1,Klassik-Set 1,Set Classico 1,ชุดคลาสสิก 1
puzzle_set_name_classic_set_2,Classic Set 2,Classic Set 2,Set Classique 2,Conjunto Clássico 2,クラシックセット2,Conjunto Clásico 2,Klassik-Set 2,Set Classico 2,ชุดคลาสสิก 2
puzzle_set_name_classic_set_3,Classic Set 3,Classic Set 3,Set Classique 3,Conjunto Clássico 3,クラシックセット3,Conjunto Clásico 3,Klassik-Set 3,Set Classico 3,ชุดคลาสสิก 3
puzzle_set_name_classic_set_4,Classic Set 4,Classic Set 4,Set Classique 4,Conjunto Clássico 4,クラシックセット4,Conjunto Clásico 4,Klassik-Set 4,Set Classico 4,ชุดคลาสสิก 4
puzzle_set_name_classic_set_5,Classic Set 5,Classic Set 5,Set Classique 5,Conjunto Clássico 5,クラシックセット5,Conjunto Clásico 5,Klassik-Set 5,Set Classico 5,ชุดคลาสสิก 5
puzzle_set_name_classic_set_6,Classic Set 6,Classic Set 6,Set Classique 6,Conjunto Clássico 6,クラシックセット6,Conjunto Clásico 6,Klassik-Set 6,Set Classico 6,ชุดคลาสสิก 6
puzzle_set_description_classic_set_1,,Find the correct moves to clear all the panels,Trouvez les bons déplacements pour supprimer tous les blocs,Encontre os movimentos certos para limpar todos os painéis,全パネルを消す正しい手順を見つけましょう,Encuentra los movimientos correctos para eliminar todos los paneles,Finde die richtigen Züge um alle Panels aufzulösen,Trova le mosse corrette per eliminare tutti i pannelli,ค้นหาการเคลื่อนที่ที่ถูกต้องเพื่อลบแผงทั้งหมด
puzzle_set_description_classic_set_2,,This set adds some difficulty, carefully plan the order of the panel clears,Cet ensemble ajoute de la difficulté ; planifiez soigneusement l’ordre des suppressions,Este conjunto acrescenta alguma dificuldade; planeje cuidadosamente a ordem das eliminações,Este conjunto añade cierta dificultad; planifica cuidadosamente el orden de las eliminaciones,Dieses Set erhöht den Schwierigkeitsgrad ; plane die Reihenfolge der Züge sorgfältig,Dieses Set erhöht den Schwierigkeitsgrad ; plane die Reihenfolge der Räumungen sorgfältig,Questo set aggiunge difficoltà; pianifica con cura l’ordine delle eliminazioni,ชุดนี้เพิ่มความยาก จัดแผนลำดับการลบแผงอย่างรอบคอบ
puzzle_set_description_classic_set_3,,Consider how many panels of each color there are and what shape they need to pop in,Tenez compte du nombre de blocs de chaque couleur et de la forme à leur donner pour pouvoir les faire disparaître,Considere quantos painéis de cada cor existem e em que forma eles precisam estourar,各色のパネル数と消える形を考慮しましょう,Ten en cuenta cuántos paneles de cada color hay y en qué forma deben desaparecer,Beachte wie viele Panels jeder Farbe vorhanden sind und in welcher Form sie aufgelöst werden müssen,Considera quanti pannelli di ogni colore ci sono e in quale forma devono scoppiare,พิจารณาจำนวนแผงแต่ละสีและรูปแบบที่ต้องให้หายไป
puzzle_set_description_classic_set_4,,"Now we are starting to get hard, keep going and you can do it!","Cela devient difficile ; continuez, vous pouvez y arriver !","Agora está ficando difícil; continue, você consegue!",ここから本格的に難しくなりますが、頑張って進みましょう！,"Ahora empieza a ponerse difícil; ¡sigue adelante, tú puedes!","Jetzt wird es schwierig – mach weiter, du schaffst das!","Ora si inizia a fare sul serio: continua, ce la puoi fare!",เริ่มยากขึ้นแล้ว ทำต่อไป คุณทำได้!
puzzle_set_description_classic_set_5,,"A decent challenge, keep going!",Un défi de taille ; continuez !,Um bom desafio; continue!,手応えのあるチャレンジです。続けて！,"Un reto considerable, ¡sigue!",Eine anständige Herausforderung – weiter so!,"Una sfida di tutto rispetto, avanti così!",ความท้าทายพอควร สู้ต่อ!
puzzle_set_description_classic_set_6,,A hard challenge to find the correct moves in this final set,Un défi ardu : trouvez les bons déplacements dans cette dernière configuration,Um desafio difícil: encontre os movimentos certos neste conjunto final,最終セットでは正しい手順を見つけるのが難しい課題です,Un reto difícil: encuentra los movimientos correctos en este conjunto final,Eine schwere Aufgabe: Finde im letzten Set die richtigen Züge,Una sfida difficile: trova le mosse corrette in questo set finale,ความท้าทายยากในการหาท่าถูกต้องในชุดสุดท้ายนี้
puzzle_set_name_beginner,,Beginner,Débutant,Iniciante,ビギナー,Principiante,Anfänger,Principiante,ผู้เริ่มต้น
puzzles_set_description_beginner,,Learn the basics of combos and chains,Apprenez les bases des combos et des chaînes,Aprenda o básico de combos e correntes,コンボとチェインの基本を学びます,Aprende los fundamentos de combos y cadenas,Lerne die Grundlagen von Kombos und Ketten,Impara le basi di combo e catene,เรียนรู้พื้นฐานของคอมโบและเชน
puzzle_set_name_beginner_chains,,Chains,Chaînes,Correntes,チェイン,Cadenas,Ketten,Catene,เชน
puzzles_set_description_beginner_chains,,Learn how to make chains,Apprenez à réaliser des chaînes,Aprenda a fazer correntes,チェインの作り方を学びます,Aprende a crear cadenas,Lerne wie man Ketten erstellt,Impara a creare catene,เรียนรู้การสร้างเชน
puzzle_set_name_beginner_combos,,Combos,Combos,Combos,コンボ,Combos,Kombos,Combo,คอมโบ
puzzles_set_description_beginner_combos,,Learn how to make combos,Apprenez à réaliser des combos,Aprenda a fazer combos,コンボの作り方を学びます,Aprende a crear combos,Lerne wie man Kombos erstellt,Impara a creare combo,เรียนรู้การสร้างคอมโบ
puzzle_set_name_novice,,Novice,Novice,Novato,ノービス,Novato,Neuling,Novizio,มือใหม่
puzzles_set_description_novice,,Learn how to make more complicated chains and combos,Apprenez à créer des chaînes et combos plus complexes,Aprenda a criar correntes e combos mais complexos,より複雑なチェインとコンボの作り方を学びます,Aprende a crear cadenas y combos más complicados,Lerne kompliziertere Ketten und Kombos zu erstellen,Impara a creare catene e combo più complesse,เรียนรู้การทำเชนและคอมโบที่ซับซ้อนขึ้น
puzzle_set_name_novice_combos,,Combos,Combos,Combos,コンボ,Combos,Kombos,Combo,คอมโบ
puzzles_set_description_novice_combos,,Learn how to make more complicated combos,Apprenez à créer des combos plus complexes,Aprenda a criar combos mais complexos,より複雑なコンボの作り方を学びます,Aprende a crear combos más complicados,Lerne kompliziertere Kombos zu erstellen,Impara a creare combo più complesse,เรียนรู้การทำคอมโบที่ซับซ้อนขึ้น
puzzle_set_name_novice_chains,,Chains,Chaînes,Correntes,チェイン,Cadenas,Ketten,Catene,เชน
puzzles_set_description_novice_chains,,Learn how to make more complicated chains,Apprenez à créer des chaînes plus complexes,Aprenda a criar correntes mais complexas,より複雑なチェインの作り方を学びます,Aprende a crear cadenas más complicadas,Lerne kompliziertere Ketten zu erstellen,Impara a creare catene più complesse,เรียนรู้การทำเชนที่ซับซ้อนขึ้น
puzzle_set_name_novice_convert_horizontal_chains,,Convert Horizontal Chains,Convertir les chaînes horizontales,Converter Correntes Horizontais,水平チェイン変換,Convertir Cadenas Horizontales,Horizontale Ketten umwandeln,Converti Catene Orizzontali,แปลงเชนแนวนอน
puzzles_set_description_novice_convert_horizontal_chains,,Learn how to convert chains to be horizontal,Apprenez à convertir des chaînes en chaînes horizontales,Aprenda a converter correntes para o formato horizontal,チェインを水平に変換する方法を学びます,Aprende a convertir cadenas para que sean horizontales,Lerne Ketten in horizontale Ketten umzuwandeln,Impara a convertire le catene in orizzontale,เรียนรู้วิธีแปลงเชนให้เป็นแนวนอน
puzzle_set_name_novice_deeper_earthquake_chains,,Earthquake Chains,Chaînes séismes,Correntes Terremoto,アースクエイクチェイン,Cadenas Terremoto,Erdbeben-Ketten,Catene Terremoto,เชนแผ่นดินไหว
puzzles_set_description_novice_earthquake_chains,,Learn how to make horizontal chains that span multiple levels,Apprenez à créer des chaînes horizontales sur plusieurs niveaux,Aprenda a fazer correntes horizontais que abrangem vários níveis,複数段にわたる水平チェインの作り方を学びます,Aprende a crear cadenas horizontales que abarquen varios niveles,Lerne horizontale Ketten über mehrere Ebenen zu erstellen,Impara a creare catene orizzontali su più livelli,เรียนรู้การสร้างเชนแนวนอนหลายระดับ
puzzle_set_name_novice_earthquake_chains,,Earthquake Chains,Chaînes séismes,Correntes Terremoto,アースクエイクチェイン,Cadenas Terremoto,Erdbeben-Ketten,Catene Terremoto,เชนแผ่นดินไหว
puzzles_set_description_novice_deeper_earthquake_chains,,Deeper Earthquake Chains,Chaînes séismes profondes,Correntes Terremoto Avançadas,ディープアースクエイクチェイン,Cadenas Terremoto más Profundas,Tiefere Erdbeben-Ketten,Catene Terremoto Avanzate,เชนแผ่นดินไหวลึก
puzzle_set_name_novice_horizontal_chain_from_tower,,Horizontal Chain From Tower,Chaîne horizontale depuis une tour,Corrente Horizontal da Torre,タワーからの水平チェイン,Cadena Horizontal desde Torre,Horizontale Kette vom Turm,Catena Orizzontale dalla Torre,เชนแนวนอนจากหอ
puzzles_set_description_novice_horizontal_chain_from_tower,,Learn how to make chains when lots of panels are in a tower shape,Apprenez à faire des chaînes lorsque de nombreux blocs forment une tour,Aprenda a criar correntes quando muitos painéis formam uma torre,タワー状に積まれたパネルでチェインを作る方法を学びます,Aprende a encadenar cuando muchos paneles forman una torre,Lerne Ketten zu bilden wenn viele Panels turmartig gestapelt sind,Impara a creare catene quando molti pannelli formano una torre,เรียนรู้การทำเชนเมื่อมีแผงมากในรูปหอ
puzzle_set_name_novice_clear_puzzles_1,,Clear Puzzles 1,Puzzles à résoudre 1,Quebra-cabeças Limpos 1,クリアパズル 1,Puzles Limpios 1,Müll Puzzles 1,Puzzle da Pulire 1,ปริศนาเคลียร์ 1
puzzle_set_description_novice_clear_puzzles_1,,Learn basic techniques for clearing garbage,Apprenez les techniques de base pour éliminer les blocs déchets,Aprenda técnicas básicas para limpar lixo,ガーベッジを消すための基本技術を学びます,Aprende técnicas básicas para eliminar escombros,Lerne grundlegende Techniken zum Auflösen von Müll,Impara tecniche di base per ripulire i rifiuti,เรียนรู้เทคนิคพื้นฐานการเคลียร์ขยะ
puzzle_set_name_novice_clear_puzzles_2,,Clear Puzzles 2,Puzzles à résoudre 2,Quebra-cabeças Limpos 2,クリアパズル 2,Puzles Limpios 2,Müll Puzzles 2,Puzzle da Pulire 2,ปริศนาเคลียร์ 2
puzzle_set_description_novice_clear_puzzles_2,,Learn more techniques for clearing garbage,Apprenez d'autres techniques pour éliminer les blocs déchets,Aprenda mais técnicas para limpar lixo,ガーベッジを消す追加技術を学びます,Aprende más técnicas para eliminar escombros,Lerne weitere Techniken zum Auflösen von Müll,Impara altre tecniche per ripulire i rifiuti,เรียนรู้เทคนิคการเคลียร์ขยะเพิ่มเติม
puzzle_set_name_intermediate,,Intermediate,Intermédiaire,Intermediário,インターミディエイト,Intermedio,Fortgeschritten,Intermedio,ระดับกลาง
puzzles_set_description_intermediate,,"Learn how to do large chains, inserts, and other complicated techniques","Apprenez à réaliser de grandes chaînes, des insertions et d'autres techniques avancées","Aprenda a fazer correntes grandes, inserções e outras técnicas complicadas",大規模チェイン、インサートなどの高度な技術を学びます,"Aprende a realizar cadenas grandes, inserciones y otras técnicas complicadas","Lerne große Ketten, Einsätze, und andere komplexe Techniken","Impara a realizzare grandi catene, inserimenti e altre tecniche complesse",เรียนรู้เชนใหญ่ อินเสิร์ต และเทคนิคซับซ้อนอื่น ๆ
puzzle_set_name_intermediate_chains,,Chains,Chaînes,Correntes,チェイン,Cadenas,Ketten,Catene,เชน
puzzles_set_description_intermediate_chains,,Learn from larger chain examples,Étudiez des exemples de chaînes plus longues,Aprenda com exemplos de correntes maiores,より大きなチェインの例から学びます,Aprende de ejemplos de cadenas más grandes,Lerne anhand größerer Kettenbeispiele,Impara da esempi di catene più grandi,เรียนรู้จากตัวอย่างเชนที่ใหญ่ขึ้น
puzzle_set_name_intermediate_extended_horizontal_chains,,Extended Chains,Chaînes étendues,Correntes Estendidas,エクステンドチェイン,Cadenas Extendidas,Erweiterte Ketten,Catene Estese,เชนต่อขยาย
puzzles_set_description_intermediate_extended_horizontal_chains,,Learn from even larger chain examples,Étudiez des exemples de chaînes encore plus longues,Aprenda com exemplos de correntes ainda maiores,さらに大きなチェインの例から学びます,Aprende de ejemplos de cadenas aún más grandes,Lerne anhand noch größerer Kettenbeispiele,Impara da esempi di catene ancora più grandi,เรียนรู้จากตัวอย่างเชนที่ใหญ่กว่านี้
puzzle_set_name_intermediate_chains_from_huge_tower,,Chains From Huge Tower,Chaînes depuis une tour énorme,Correntes de uma Torre Gigante,巨大タワーからのチェイン,Cadenas desde Torre Gigante,Ketten von riesigem Turm,Catene da Torre Gigante,เชนจากหอขนาดใหญ่
puzzles_set_description_intermediate_chains_from_huge_tower,,Learn how to chain from an even bigger tower,Apprenez à créer des chaînes depuis une tour encore plus grande,Aprenda a encadear a partir de uma torre ainda maior,さらに大きなタワーでチェインする方法を学びます,Aprende a encadenar desde una torre aún más grande,Lerne von einem noch größeren Turm zu Ketten zu bilden,Impara a concatenare da una torre ancora più grande,เรียนรู้การทำเชนจากหอที่ใหญ่กว่า
puzzle_set_name_intermediate_horizontal_chain_from_side,,Horizontal Chain From the Side,Chaîne horizontale latérale,Corrente Horizontal Lateral,サイドからの水平チェイン,Cadena Horizontal desde el Lado,Horizontale Kette von der Seite,Catena Orizzontale Laterale,เชนแนวนอนจากด้านข้าง
puzzles_set_description_intermediate_horizontal_chain_from_side,,Learn how to add chains to the side,Apprenez à ajouter des chaînes sur le côté,Aprenda a adicionar correntes pelo lado,横からチェインを追加する方法を学びます,Aprende a añadir cadenas por el lado,Lerne seitlich Ketten hinzuzufügen,Impara ad aggiungere catene sul lato,เรียนรู้การเพิ่มเชนด้านข้าง
puzzle_set_name_intermediate_pre_setup_combo_chains,,Pre Setup Combo Chains,Chaînes combo préparées,Correntes de Combo Pré-Montadas,事前セットコンボチェイン,Cadenas con Combo Preconfiguradas,Vorbereitete Combo-Ketten,Catene Combo Preimpostate,เชนคอมโบเตรียมไว้ล่วงหน้า
puzzles_set_description_intermediate_pre_setup_combo_chains,,Start to add combos into your chains for high efficiency attack,Commencez à intégrer des combos dans vos chaînes pour des attaques plus efficaces,Comece a adicionar combos às suas correntes para um ataque altamente eficiente,高効率攻撃のためチェインにコンボを組み込み始めましょう,Comienza a añadir combos a tus cadenas para un ataque de alta eficiencia,Beginne Kombos in deine Ketten einzubauen um effizient anzugreifen,Inizia a inserire combo nelle catene per attacchi ad alta efficienza,เริ่มใส่คอมโบในเชนเพื่อการโจมตีที่มีประสิทธิภาพสูง
puzzle_set_name_intermediate_combo_chains,,Combo Chain,Chaîne combo,Corrente de Combo,コンボチェイン,Cadena con Combo,Kombo-Kette,Catena Combo,เชนคอมโบ
puzzles_set_description_intermediate_combo_chains,,Combo chains that require more setup,Chaînes combo demandant plus de préparation,Correntes de combo que exigem mais preparação,準備が多いコンボチェイン,Cadenas con combo que requieren más preparación,Kombo-Ketten die mehr Vorbereitung erfordern,Catene combo che richiedono più preparazione,เชนคอมโบที่ต้องเตรียมมากขึ้น
puzzle_set_name_intermediate_pre_setup_inserts,,Pre Setup Inserts,Insertions préparées,Inserções Pré-Montadas,事前セットインサート,Inserciones Preconfiguradas,Vorbereitete Einsätze,Inserti Preimpostati,อินเสิร์ตเตรียมไว้ล่วงหน้า
puzzle_set_description_intermediate_pre_setup_inserts,,Swap into the gap made by the match to perform an insert,Insérez-vous dans l’espace créé par l’alignement pour réaliser une insertion,Troque para o espaço criado pelo alinhamento para fazer uma inserção,マッチで空いた隙間に差し込んでインサートを行います,Cambia al hueco creado por el match para realizar una inserción,Tausche mit der durch das Match entstandenen Lücke um einen Einsatz durchzuführen,Sposta nel vuoto creato dall’abbinamento per eseguire un inserto,สลับเข้าไปในช่องว่างที่เกิดจากการจับคู่เพื่อทำอินเสิร์ต
puzzle_set_name_intermediate_change_side_inserts,,Change Side Inserts,Changer le côté des insertions,Inserções de Mudança Lateral,サイド変更インサート,Inserciones de Cambio Lateral,Seitliche Einsätze ändern,Inserti con Cambio Lato,อินเสิร์ตย้ายด้าน
puzzle_set_description_intermediate_change_side_inserts,,Move both horizontal panels to one side to make this insert possible,Déplacez les deux blocs horizontaux sur un seul côté pour rendre possible cette insertion,Mova ambos os painéis horizontais para um lado para permitir esta inserção,両方の水平パネルを片側に動かしてインサートを可能にします,Mueve ambos paneles horizontales a un lado para posibilitar esta inserción,Bewege beide horizontalen Panels auf eine Seite damit dieser Einsatz möglich wird,Sposta entrambi i pannelli orizzontali su un lato per consentire questo inserto,เลื่อนแผงแนวนอนทั้งสองไปด้านเดียวเพื่อทำอินเสิร์ตนี้
puzzle_set_name_intermediate_inserts,,Intermediate Inserts,Insertions intermédiaires,Inserções Intermediárias,中級インサート,Inserciones Intermedias,Fortgeschrittene Einsätze,Inserti Intermedi,อินเสิร์ตระดับกลาง
puzzle_set_description_intermediate_inserts,,More complicated insert patterns,Schémas d’insertion plus complexes,Padrões de inserção mais complexos,より複雑なインサートパターン,Patrones de inserción más complicados,Komplexere Einsatzmuster,Schemi di inserto più complessi,รูปแบบอินเสิร์ตที่ซับซ้อนขึ้น
puzzle_set_name_intermediate_combo_chain_inserts,,Combo Chain Inserts,Insertions de chaîne combo,Inserções em Corrente de Combo,コンボチェインインサート,Inserciones en Cadena con Combo,Kombo-Ketten-Einsätze,Inserti in Catena Combo,อินเสิร์ตเชนคอมโบ
puzzle_set_description_intermediate_combo_chain_inserts,,Use what you have learned from combo chains and inserts to put the two together,Combinez vos connaissances des chaînes combo et des insertions pour les combiner,Use o que aprendeu sobre correntes de combo e inserções para combiná-los,学んだコンボチェインとインサートを組み合わせましょう,Utiliza lo aprendido sobre cadenas combo e inserciones para combinarlos,Nutze dein Wissen über Kombo-Ketten und Einsätze um beides zu kombinieren,Usa ciò che hai imparato su catene combo e inserti per combinarli,ใช้สิ่งที่เรียนรู้จากเชนคอมโบและอินเสิร์ตมารวมกัน
puzzle_set_name_intermediate_removes,,Removes,Suppressions,Remoções,リムーブ,Retirada,Entfernungen,Rimozioni,การเอาออก
puzzle_set_description_intermediate_removes,,Take out the panel at the right time to perform a chain,Retirez le bloc au bon moment pour déclencher une chaîne,Remova o painel no momento certo para executar uma corrente,適切なタイミングでパネルを取り除きチェインを発動します,Retira el panel en el momento adecuado para realizar una cadena,Entferne das Feld zum richtigen Zeitpunkt um eine Kette auszulösen,Rimuovi il pannello al momento giusto per attivare una catena,เอาแผงออกในเวลาที่เหมาะสมเพื่อทำเชน
puzzle_set_name_intermediate_openers,,Openers,Ouvertures,Aberturas,オープナー,Aperturas,Eröffnungen,Aperture,ท่าเปิด
puzzle_set_description_intermediate_openers,,Practice making a big attack for these opening setups,Entraînez-vous à lancer une grosse attaque avec ces ouvertures,Pratique criar um grande ataque nesses setups de abertura,これらの開幕セットで大攻撃を練習します,Practica un gran ataque con estas configuraciones de apertura,Übe mit diesen Eröffnungs-Setups einen großen Angriff zu starten,Esercitati a sferrare un grande attacco con queste aperture,ฝึกการโจมตีใหญ่สำหรับการตั้งค่าช่วงเปิด
puzzle_set_name_intermediate_clear_puzzles_1,,Clear Puzzles 1,Puzzles à résoudre 1,Quebra-cabeças Limpos 1,クリアパズル 1,Puzles Limpios 1,Müll Puzzles 1,Puzzle da Pulire 1,ปริศนาเคลียร์ 1
puzzle_set_name_intermediate_clear_puzzles_2,,Clear Puzzles 2,Puzzles à résoudre 2,Quebra-cabeças Limpos 2,クリアパズル 2,Puzles Limpios 2,Müll Puzzles 2,Puzzle da Pulire 2,ปริศนาเคลียร์ 2
puzzle_set_description_intermediate_clear_puzzles_1,,Practice intermediate techniques for clearing garbage,Entraînez-vous aux techniques intermédiaires pour éliminer les blocs déchets,Pratique técnicas intermediárias para limpar lixo,中級のガーベッジ削除技術を練習します,Practica técnicas intermedias para eliminar escombros,Übe fortgeschrittene Techniken zum Auflösen von Müll,Pratica tecniche intermedie per ripulire i rifiuti,ฝึกเทคนิคระดับกลางการเคลียร์ขยะ
puzzle_set_description_intermediate_clear_puzzles_2,,Develop intermediate techniques for clearing garbage,Développez les techniques intermédiaires pour éliminer les blocs déchets,Desenvolva técnicas intermediárias para limpar lixo,中級のガーベッジ削除技術を発達させます,Desarrolla técnicas intermedias para eliminar escombros,Entwickle fortgeschrittene Techniken zum Auflösen von Müll,Sviluppa tecniche intermedie per ripulire i rifiuti,พัฒนาเทคนิคระดับกลางการเคลียร์ขยะ
puzzle_set_name_advanced,,Advanced,Avancé,Avançado,アドバンス,Avanzado,Experte,Avanzato,ขั้นสูง
puzzle_set_description_advanced,,"Take your technique to the extreme with Shoguns, Transitions, and Garbage solves","Poussez votre technique à l’extrême avec Shoguns, Transitions et résolutions de déchets","Leve sua técnica ao extremo com Shoguns, Transições e resolução de lixo",将軍、トランジション、ガーベッジ処理でテクニックを極めましょう,"Lleva tu técnica al extremo con Shoguns, Transiciones y eliminaciones de escombros","Bring deine Technik mit Shoguns, Ebenenübergängen und Müllauflösungen auf das höchste Niveau",Porta la tua tecnica all’estremo con Shogun Transizioni e pulizia dei rifiuti,ยกระดับเทคนิคด้วยโชกุน ทรานซิชัน และการเคลียร์ขยะ
puzzle_set_name_advanced_shoguns,,Shogun,Shogun,Shogun,将軍,Shogun,Shogun,Shogun,โชกุน
puzzle_set_description_advanced_shoguns,,Setup the panels so that after the clear the falling panels will make a chain,Arrangez les blocs pour qu’après la suppression ceux qui tombent forment une chaîne,"Configure os painéis para que, após a limpeza, os painéis que caem formem uma corrente",クリア後に落下するパネルでチェインができるよう配置します,"Configura los paneles para que, tras eliminar el escombro, los que caigan formen una cadena",Ordne die Panels so an dass nach der Müllauflösung die fallenden Panels eine Kette bilden,"Organizza i pannelli in modo che, dopo la pulizia, quelli cadenti creino una catena",จัดแผงให้หลังเคลียร์แล้วแผงที่ตกลงมาจะสร้างเชน
puzzle_set_name_advanced_transitions_1,,Transitions 1,Transitions 1,Transições 1,トランジション 1,Transiciones 1,Übergänge 1,Transizioni 1,ทรานซิชัน 1
puzzle_set_description_advanced_transitions_1,,Learn how to use panels on a second level to immediately have a clear ready when the panels fall,Apprenez à utiliser les panneaux du second niveau pour avoir une suppression prête immédiatement lorsque les blocs tombent,Aprenda a usar painéis no segundo nível para ter uma limpeza pronta quando eles caírem,二段目のパネルを使い、落下と同時に消せるようにする方法を学びます,Aprende a usar paneles en un segundo nivel para tener una eliminación lista cuando los paneles caigan,"Nutze Panels auf der nächsten Ebene, um direkt zur nächsten Müllauflösung überzugehen",Impara a usare pannelli su un secondo livello per avere subito una pulizia pronta quando cadono,เรียนรู้การใช้แผงชั้นสองเพื่อให้เคลียร์ได้ทันทีเมื่อแผงตก
puzzle_set_name_advanced_transitions_2,,Transitions 2,Transitions 2,Transições 2,トランジション 2,Transiciones 2,Übergänge 2,Transizioni 2,ทรานซิชัน 2
puzzle_set_description_advanced_transitions_2,,More practice with transitions,Plus d'entraînement sur les transitions,Mais prática com transições,トランジションのさらなる練習,Más práctica con transiciones,Mehr Übung mit Übergängen,Ulteriore pratica con le transizioni,ฝึกทรานซิชันเพิ่มเติม
puzzle_set_name_advanced_clear_puzzles_1,,Clear Puzzles 1,Puzzles à résoudre 1,Quebra-cabeças de Limpeza 1,クリアパズル 1,Puzzles de Limpieza 1,Müll Puzzles 1,Puzzle di Pulizia 1,พัซเซิลเคลียร์ 1
puzzle_set_description_advanced_clear_puzzles_1,,Begin building techniques for clearing garbage,Commencez à développer les techniques pour éliminer les blocs déchets,Comece a desenvolver técnicas para limpar lixo,ガーベッジを消すための基礎技術を身につけましょう,Comienza a desarrollar técnicas para eliminar escombros,Lerne erste Techniken zur Müllauflösung,Inizia a sviluppare tecniche per ripulire i rifiuti,เริ่มพัฒนาทักษะการเคลียร์ขยะ
puzzle_set_name_advanced_clear_puzzles_2,,Clear Puzzles 2,Puzzles à résoudre 2,Quebra-cabeças de Limpeza 2,クリアパズル 2,Puzzles de Limpieza 2,Müll Puzzles 2,Puzzle di Pulizia 2,พัซเซิลเคลียร์ 2
puzzle_set_description_advanced_clear_puzzles_2,,Continue building techniques for clearing garbage,Continuez à développer les techniques pour éliminer les blocs déchets,Continue desenvolvendo técnicas para limpar lixo,ガーベッジを消す技術を継続して構築します,Continúa desarrollando técnicas para eliminar escombros,Setze den Aufbau von Techniken zur Müllauflösung fort,Continua a sviluppare tecniche per ripulire i rifiuti,พัฒนาทักษะการเคลียร์ขยะต่อไป
puzzle_set_name_advanced_clear_puzzles_3,,Clear Puzzles 3,Puzzles à résoudre 3,Quebra-cabeças de Limpeza 3,クリアパズル 3,Puzzles de Limpieza 3,Müll Puzzles 3,Puzzle di Pulizia 3,พัซเซิลเคลียร์ 3
puzzle_set_description_advanced_clear_puzzles_3,,Moderate difficulty techniques for clearing garbage,Techniques de difficulté moyenne pour éliminer les blocs déchets,Técnicas de dificuldade moderada para limpar lixo,中級レベルのガーベッジ削除技術,Técnicas de dificultad moderada para eliminar escombros,Techniken mittlerer Schwierigkeit zur Müllauflösung,Tecniche di difficoltà moderata per ripulire i rifiuti,เทคนิคเคลียร์ขยะระดับกลาง
puzzle_set_name_advanced_clear_puzzles_4,,Clear Puzzles 4,Puzzles à résoudre 4,Quebra-cabeças de Limpeza 4,クリアパズル 4,Puzzles de Limpieza 4,Müll Puzzles 4,Puzzle di Pulizia 4,พัซเซิลเคลียร์ 4
puzzle_set_description_advanced_clear_puzzles_4,,Challenging techniques for clearing garbage,Techniques exigeantes pour éliminer les blocs déchets,Técnicas desafiadoras para limpar lixo,難易度の高いガーベッジ削除技術,Técnicas desafiantes para eliminar escombros,Herausfordernde Techniken zur Müllauflösung,Tecniche impegnative per ripulire i rifiuti,เทคนิคเคลียร์ขยะที่ท้าทาย
puzzle_set_name_advanced_clear_puzzles_5,,Clear Puzzles 5,Puzzles à résoudre 5,Quebra-cabeças de Limpeza 5,クリアパズル 5,Puzzles de Limpieza 5,Müll Puzzles 5,Puzzle di Pulizia 5,พัซเซิลเคลียร์ 5
puzzle_set_description_advanced_clear_puzzles_5,,Hard techniques for clearing garbage,Techniques difficiles pour éliminer les blocs déchets,Técnicas difíceis para limpar lixo,高度なガーベッジ削除技術,Técnicas difíciles para eliminar escombros,Schwere Techniken zur Auflösung von Müll,Tecniche difficili per ripulire i rifiuti,เทคนิคเคลียร์ขยะที่ยาก
puzzle_set_name_advanced_clear_puzzles_6,,Clear Puzzles 6,Puzzles à résoudre 6,Quebra-cabeças de Limpeza 6,クリアパズル 6,Puzzles de Limpieza 6,Müll Puzzles 6,Puzzle di Pulizia 6,พัซเซิลเคลียร์ 6
puzzle_set_description_advanced_clear_puzzles_6,,Very hard techniques for clearing garbage,Techniques très difficiles pour éliminer les blocs déchets,Técnicas muito difíceis para limpar lixo,非常に高度なガーベッジ削除技術,Técnicas muy difíciles para eliminar escombros,Sehr schwere Techniken zur Müllauflösung,Tecniche molto difficili per ripulire i rifiuti,เทคนิคเคลียร์ขยะที่ยากมาก
puzzle_goal_move_heading,Heading for move puzzles,SWAP,ÉCHANGER,TROCAR,交換,INTERCAMBIOS,ZUGLIMIT,SCAMBIA,สลับ
puzzle_goal_move_objective,Objective for move puzzles,Clear all colored panels in %1 swaps,Éliminez tous les blocs colorés en %1 échanges,Limpe todos os painéis coloridos em %1 trocas,色付きパネルを%1手で全て消去,Elimina todos los paneles de color en %1 intercambios,Löse alle farbigen Panels in %1 Zügen auf,Elimina tutti i pannelli colorati in %1 scambi,เคลียร์แผงสีทั้งหมดใน %1 ครั้ง
puzzle_goal_chain_heading,Heading for chain puzzles,CHAIN,CHAÎNE,CORRENTE,チェイン,CADENA,KETTE,CATENA,เชน
puzzle_goal_chain_objective,Objective for chain puzzles,Clear all colored panels in one chain,Éliminez tous les blocs colorés en une chaîne,Limpe todos os painéis coloridos em uma corrente,色付きパネルを1つのチェインで全て消去,Elimina todos los paneles de color en una cadena,Löse alle farbigen Panels innerhalb einer Kette auf,Elimina tutti i pannelli colorati in una catena,เคลียร์แผงสีทั้งหมดในเชนเดียว
puzzle_goal_clear_heading,Heading for clear puzzles,CLEAR,NETTOYER,LIMPAR,クリア,LIMPIEZA,MÜLLAUFLÖSUNG,PULISCI,เคลียร์
puzzle_goal_clear_objective,Objective for clear puzzles,Clear all garbage blocks without losing,Éliminez tous les blocs déchets sans perdre,Limpe todos os blocos de lixo sem perder,ガーベッジブロックを全て消去してクリア,Elimina todos los escombros sin perder,Löse alle Müllblöcke auf ohne zu verlieren,Elimina tutti i blocchi spazzatura senza perdere,เคลียร์บล็อกขยะทั้งหมดโดยไม่แพ้
puzzle_goal_unknown_heading,Fallback heading for unknown puzzle types,PUZZLE,ÉNIGME,QUEBRA-CABEÇA,パズル,PUZLE,PUZZLE,PUZZLE,ปริศนา
puzzle_help_next_prompt,Continue to next help state,Press Taunt Down for Hint,Appuyez sur Provocation Bas pour un indice,Pressione Provocação Baixo para dica,挑発下でヒント,Pulsa Burla Abajo para pista,Drücke TauntDown für einen Hinweis,Premi Provocazione Giù per suggerimento,กดปุ่มเยาะเย้ยลงเพื่อดูคำใบ้
puzzle_help_solution_prompt,Show solution after hint,Press Taunt Down to see a Solution,Appuyez sur Provocation Bas pour voir la solution,Pressione Provocação Baixo para ver uma solução,挑発下で解答を見る,Pulsa Burla Abajo para ver una solución,Drücke TauntDown um eine Lösung zu sehen,Premi Provocazione Giù per vedere una soluzione,กดปุ่มเยาะเย้ยลงเพื่อดูคำตอบ
puzzle_help_no_hints,When puzzle has no hints available,No hints available for this puzzle,Aucun indice disponible pour ce puzzle,Não há dicas disponíveis para este quebra-cabeça,このパズルにはヒントがありません,No hay pistas disponibles para este puzzle,Keine Hinweise für dieses Puzzle verfügbar,Nessun suggerimento disponibile per questo puzzle,ไม่มีคำใบ้สำหรับปริศนานี้
puzzle_help_no_solution,When puzzle has no solution,No solution available for this puzzle,Aucune solution disponible pour ce puzzle,Nenhuma solução disponível para este quebra-cabeça,このパズルには解答がありません,No hay solución disponible para este puzzle,Keine Lösung für dieses Puzzle verfügbar,Nessuna soluzione disponibile per questo puzzle,ไม่มีคำตอบสำหรับปริศนานี้
puzzle_help_hint_given,When hint has been shown to player,Hint given,Indice donné,Dica dada,ヒントが与えられました,Pista dada,Hinweis gegeben,Suggerimento dato,ให้คำใบ้แล้ว
puzzle_help_solution_playing,When solution is currently playing,Solution playing,Solution en cours,Solução reproduzindo,解答を再生中,Solución reproduciéndose,Lösung läuft,Soluzione in corso,กำลังเล่นคำตอบ
op_about_attack_files,Information about attack files and mod installation,About Attack Files,À propos des fichiers Attack,Sobre arquivos de ataque,アタックファイルについて,Acerca de los archivos de ataque,Über Attack-Dateien,Informazioni sui file di attacco,เกี่ยวกับ Attack Files
op_system_info,Button for showing system information,System Info,Informations système,Informações do sistema,システム情報,Información del sistema,Systeminformationen,Informazioni di sistema,ข้อมูลระบบ
op_performance_drain,Label for the option to configure the amount of active garbage collection in favor of sleeping,Performance/Battery Drain,Performance/Consommation de la batterie,Desempenho/Dreno de bateria,パフォーマンス/バッテリー消費,Rendimiento/Consumo de batería,Performance/Stromverbrauch,Prestazioni/Consumo batteria,ประสิทธิภาพ/การใช้แบตเตอรี่
op_about_installing_mods,Information about installing mods,Installing Mods,Installation de mods,Instalando mods,MODのインストール,Cómo instalar mods,Mods installieren,Installazione mod,การติดตั้งม็อด
mod_manage_icon,Label for icon in mod management,Icon,Icône,Ícone,アイコン,Icono,Symbol,Icona,ไอคอน
mod_manage_name,Label for name in mod management,Name,Nom,Nome,名前,Nombre,Name,Nome,ชื่อ
mod_manage_music,Label for music in mod management,Music,Musique,Música,音楽,Música,Musik,Musica,เพลง
mod_manage_submods,Label for submods in mod management,Sub Mods,Sous-mods,Submods,サブMOD,Submods,Submods,Submod,ซับม็อด
mod_manage_enabled,Label for enabled in mod management,Enabled,Activé,Ativado,有効,Activado,Aktiviert,Abilitato,เปิดใช้งาน
mm_2_time,,2P time attack,2J contre la montre,2J contra o tempo,2P スコアアタック,2J Contrarreloj,2P Time Attack,2P a tempo,2P time attack
op_about_puzzles,,About custom puzzles,À propos des puzzles personnalisés,Sobre quebra-cabeças personalizados,カスタムパズルについて,Acerca de los puzles personalizados,How to: Eigene Puzzles erstellen,A proposito dei puzzle personalizzabili,เกี่ยวกับ custom puzzles
discord_welcome_title,Title for Discord community welcome screen,Welcome to Panel Attack!,Bienvenue dans Panel Attack!,Bem-vindo ao Panel Attack!,パネルアタックへようこそ！,¡Bienvenido a Panel Attack!,Willkommen bei Panel Attack!,Benvenuti in Panel Attack!,ยินดีต้อนรับสู่ Panel Attack!
discord_message_line1,First line of Discord welcome message,"Join our Discord to meet players, share ideas, and talk all things Panel Attack.","Rejoignez notre Discord pour rencontrer des joueurs, partager vos idées et discuter de tout ce qui concerne Panel Attack.","Junte-se ao nosso Discord para conhecer jogadores, compartilhar ideias e falar tudo sobre Panel Attack.",Discordに参加してプレイヤーと出会い、アイデアを共有し、パネルアタックのすべてについて語り合いましょう。,"Únete a nuestro Discord para conocer jugadores, compartir ideas y hablar de todo lo relacionado con Panel Attack.","Tritt unserem Discord bei, lerne Spieler kennen, teile Ideen und sprich über alles rund um Panel Attack.","Unisciti al nostro Discord per conoscere giocatori, condividere idee e parlare di tutto ciò che riguarda Panel Attack.",เข้าร่วม Discord ของเราเพื่อพบปะผู้เล่น แชร์ไอเดีย และพูดคุยทุกเรื่องเกี่ยวกับ Panel Attack
discord_message_line2,Second line of Discord welcome message,"Show off your mods and art, rediscover classic characters and stages, and create exciting new ones.","Présentez vos mods et vos créations, redécouvrez des personnages et des stages classiques, et créez-en de nouveaux passionnants.","Mostre seus mods e artes, redescubra personagens e fases clássicas e crie novidades empolgantes.",自分のMODやアートを披露し、クラシックなキャラクターやステージを再発見し、ワクワクする新しい作品を作りましょう。,"Presume de tus mods y arte, redescubre personajes y escenarios clásicos y crea otros nuevos emocionantes.","Zeige deine Mods und Kunst, entdecke bekannte Charaktere und Arenen neu und erschaffe deine eigenen.","Mostra i tuoi mod e le tue opere, riscopri personaggi e stage classici e crea nuove emozionanti creazioni.",โชว์ม็อดและงานศิลป์ของคุณ ค้นพบตัวละครและฉากคลาสสิกอีกครั้ง และสร้างสิ่งใหม่ที่น่าตื่นเต้น
discord_message_line3,Third line of Discord welcome message,Compete in monthly tournaments and join events for players of every skill level!,Participez à des tournois mensuels et rejoignez des événements pour tous les niveaux !,Compita em torneios mensais e participe de eventos para jogadores de todos os níveis!,毎月のトーナメントで競い合い、あらゆるスキルレベルのプレイヤー向けのイベントに参加しましょう！,Compite en torneos mensuales y únete a eventos para jugadores de todos los niveles.,Tritt in monatlichen Turnieren an und nimm an Events für Spielende aller Fähigkeitsstufen teil!,Competi nei tornei mensili e partecipa a eventi per giocatori di ogni livello di abilità!,เข้าร่วมแข่งขันในทัวร์นาเมนต์รายเดือนและกิจกรรมสำหรับผู้เล่นทุกระดับฝีมือ!
discord_join_link,Button to join Discord server,Join Discord Server,Rejoindre le serveur Discord,Entrar no servidor Discord,Discordサーバーに参加,Unirse al servidor de Discord,Discord-Server beitreten,Unisciti al server Discord,เข้าร่วมเซิร์ฟเวอร์ Discord
next_button,Text shown to continue to next screen,Next,Suivant,Próximo,次へ,Siguiente,Weiter,Avanti,ถัดไป
input_config_new_controller,Message shown when a new controller is detected and configured,"Input configurations added, please verify the button mappings, especially the Confirm, Cancel and Raise keys",Nouvelle manette détectée ! Veuillez vérifier les mappages des boutons.,Novo controlador detectado! Verifique os mapeamentos dos botões.,新しいコントローラーが検出されました！ボタンマッピングを確認してください。,¡Nuevo mando detectado! Por favor verifica los mapeos de botones.,Neuer Controller erkannt! Bitte überprüfe die Tastenbelegung.,Nuovo controller rilevato! Verifica le mappature dei pulsanti.,ตรวจพบจอยใหม่! กรุณาตรวจสอบการตั้งค่าปุ่ม
swap1,Input configuration label for first swap button,Swap 1 / Select / Confirm,Échanger 1,Trocar 1,スワップ1,Intercambiar 1 / Seleccionar / Confirmar,Tausch 1 / Auswählen / Bestätigen,Scambia 1,สลับ 1
swap2,Input configuration label for second swap button,Swap 2 / Back,Échanger 2,Trocar 2,スワップ2,Intercambiar 2 / Volver,Tausch 2 / Zurück,Scambia 2,สลับ 2
raise1,Input configuration label for first raise button,Raise 1 / Previous Page,Monter 1,Levantar 1,上げる1,Elevar 1 / Página anterior,Stapel anheben 1 / Vorherige Seite,Alza 1,เลื่อน 1
raise2,Input configuration label for second raise button,Raise 2 / Next Page,Monter 2,Levantar 2,上げる2,Elevar 2 / Siguiente página,Stapel anheben 2 / Nächste Seite,Alza 2,เลื่อน 2
tauntup,Input configuration label for taunt up button,Taunt Up / Reset Puzzle,Provocation Haut,Provocação Cima,挑発上,Burla Arriba / Reiniciar puzle,Spott 1 / Puzzle zurücksetzen,Provocazione Su,เยาะเย้ยขึ้น
tauntdown,Input configuration label for taunt down button,Taunt Down,Provocation Bas,Provocação Baixo,挑発下,Burla Abajo,Spott 2,Provocazione Giù,เยาะเย้ยลง
change_input_device,Label for changing input device,Change Input Device,Changer de périphérique d'entrée,Alterar dispositivo de entrada,入力デバイスを変更,Cambiar dispositivo de entrada,Eingabegerät ändern,Cambia dispositivo di input,เปลี่ยนอุปกรณ์ควบคุม
hold_button_device,Prompt to press a button on desired input device,Hold a button on the device you want to use,Maintenez enfoncé un bouton sur l'appareil que vous souhaitez utiliser,Mantenha premido um botão no dispositivo que pretende utilizar,使用したいデバイスのボタンを押し続けてください,Mantén pulsado un botón en el dispositivo que desees utilizar.,"Halte auf dem Gerät, das du verwenden möchtest, eine Taste gedrückt.",Tieni premuto un pulsante sul dispositivo che desideri utilizzare,กดปุ่มบนอุปกรณ์ที่คุณต้องการใช้
or_touch_player_slot,Prompt to touch player slot for touch input,or touch the player slot if you want to use touch,ou touchez l'emplacement du joueur si vous souhaitez utiliser le tactile,ou toque no espaço do jogador se quiser usar toque,またはタッチを使用する場合はプレイヤースロットをタッチしてください,o toca el espacio del jugador si quieres usar controles táctiles,oder berühre das Spielerfeld\, wenn du Touch verwenden möchtest,o tocca lo slot del giocatore se vuoi usare il touch,หรือแตะช่องผู้เล่นหากคุณต้องการใช้ระบบสัมผัส
more_players_than_configs,Error message when there are more local players than input configurations,"There are more local players than input configurations configured.
Please configure enough input configurations and try again","Il y a plus de joueurs locaux que de configurations d'entrée configurées.
Veuillez configurer suffisamment de configurations d'entrée et réessayer.","Há mais jogadores locais do que configurações de entrada configuradas.
Configure configurações de entrada suficientes e tente novamente.","ローカルプレイヤーの数がコンフィグ数より多い。
十分なインプットコンフィグを設定してもう一度試してください。","Hay más jugadores locales que configuraciones de entrada configuradas.
Configura suficientes configuraciones de entrada e intente de nuevo.","Es gibt mehr lokale Spieler als Eingabekonfigurationen.
Bitte konfiguriere genügend Eingabemethoden und versuche es erneut.","Ci sono più giocatori locali che configurazioni di input configurate.
Si prega di configurare sufficienti configurazioni di input e riprovare.","มีผู้เล่นท้องถิ่นมากกว่าการกำหนดค่า input
โปรดกำหนดค่า input เพียงพอและลองอีกครั้ง"
translation_disclaimer,Disclaimer shown in language selection to inform about the quality / source of translation,,La traduction initiale est effectuée à l'aide d'outils et peut être de qualité médiocre. La traduction peut être améliorée par la communauté.,A tradução inicial é feita com ferramentas e pode não estar à altura dos padrões. A tradução está aberta a melhorias da comunidade.,初期翻訳はツールによって行われ、水準に達していない可能性があります。翻訳はコミュニティからの改善を受け入れています。,La traducción inicial se realizó con herramientas y puede ser de calidad inferior. La traducción está abierta a mejoras por parte de la comunidad.,Die erste Übersetzung von neuem Text wird mit Tools durchgeführt und kann fehlerhaft sein. Übersetzungen sind offen für Verbesserungsvorschläge aus der Community.,La traduzione iniziale viene eseguita con strumenti e potrebbe non essere di qualità ottimale. La traduzione è aperta a miglioramenti da parte della comunità.,
gm_time_attack,Name of the score attack game mode with time limit,Time Attack,Contre la montre,Contra o tempo,スコアアタック,Contrarreloj,Time Attack,A Tempo,Time Attack
game_abort,Message displayed to spectators and opponents when a player aborts an online game,Game aborted by %1,,,,,%1 hat das Spiel abgebrochen,,
unknown_player,Placeholder for events where the sender is not known,<unknown>,,,,<desconocido>,<unbekannt>,,
